,Player,Team,Position,FPts,GP,GS,Min,MCS,W,CS,SA,STA,GA,GAIB,GAOB,Sv,SvIB,SvOB,YC,RC,FC,FS,ErS,ErG,Pen,DP,PKGA,PKS,PKF,PKD,PKM,SubOn,SubOff,TkW,DIS,Tu,G,A,KP,PA,AP,C,Int,IntB,CLRA,CLR,CoS,OO,DW,DL,AER,AERL,AC,ACNC,LBA,HCA,HCS,Sm,Pu,OG,SOT,LB,Date
0,Alisson,LIV,G,4.18,1,1,39,0,0,0,7,2,0,0,0,2,0,2,0,0,0,0,1,0,0,0,0,0,0,0,0,0,1,0,0,0,0,0,0,11,9,0,0,0,0,0,0,0,0,0,0,0,0,0,1,0,0,0,0,0,0,2,2019-08-09
1,Tim Krul,NOR,G,0.5,1,1,90,0,0,0,16,8,4,4,0,4,2,2,0,0,0,0,0,0,0,0,0,0,0,0,0,0,0,0,0,0,0,0,0,46,25,0,0,0,2,2,0,0,1,0,1,0,0,0,9,2,2,0,0,0,0,29,2019-08-09
2,Nick Pope,BUR,G,17.26,1,1,90,90,1,1,11,3,0,0,0,3,2,1,0,0,0,0,0,0,0,0,0,0,0,0,0,0,0,0,0,0,0,0,1,31,13,0,0,0,1,1,0,0,0,0,0,0,0,0,8,0,0,0,0,0,0,26,2019-08-10
3,Ederson,MCI,G,16.54,1,1,90,90,1,1,5,3,0,0,0,3,3,0,0,0,0,0,0,0,0,0,0,0,0,0,0,0,0,0,0,0,0,0,0,29,27,0,0,0,0,0,0,0,0,0,0,0,0,0,1,1,1,0,0,0,0,3,2019-08-10
4,Mat Ryan,BHA,G,16.4,1,1,90,90,1,1,11,3,0,0,0,3,2,1,0,0,0,0,0,0,0,0,0,0,0,0,0,0,0,0,0,0,0,0,0,31,20,0,0,0,2,2,0,0,0,0,0,0,0,0,8,0,0,0,0,0,0,18,2019-08-10
5,Jordan Pickford,EVE,G,9.48,1,1,90,90,0,1,6,2,0,0,0,2,2,0,0,0,0,0,0,0,0,0,0,0,0,0,0,0,0,0,0,0,0,0,0,34,24,0,0,0,0,0,0,0,0,0,0,0,0,0,5,0,0,0,0,0,0,15,2019-08-10
6,Vicente Guaita,CRY,G,9.22,1,1,90,90,0,1,10,2,0,0,0,2,1,1,0,0,0,0,0,0,0,0,0,0,0,0,0,0,0,0,0,0,0,0,0,24,11,0,0,0,1,1,0,0,1,0,1,0,0,0,5,0,0,0,1,0,0,18,2019-08-10
7,Hugo Lloris,TOT,G,9.14,1,1,90,0,1,0,7,4,1,1,0,3,2,1,0,0,0,0,0,0,0,0,0,0,0,0,0,0,0,0,0,0,0,0,0,7,7,0,0,0,0,0,0,0,0,0,0,0,0,0,2,0,0,0,0,0,0,2,2019-08-10
8,Aaron Ramsdale,BOU,G,3.22,1,1,90,0,0,0,8,3,1,1,0,2,0,2,0,0,0,1,0,0,0,0,0,0,0,0,0,0,0,0,0,0,0,0,0,21,11,0,0,0,0,0,0,0,1,0,0,0,0,0,1,0,0,0,0,0,0,11,2019-08-10
9,Dean Henderson,SHU,G,2.16,1,1,90,0,0,0,13,3,1,1,0,2,1,1,0,0,0,0,0,0,0,0,0,0,0,0,0,0,0,0,0,0,0,0,0,30,8,0,0,0,0,0,0,0,0,0,0,0,0,0,6,0,0,0,0,0,0,27,2019-08-10
10,Tom Heaton,AVL,G,0.3,1,1,90,0,0,0,31,6,3,1,2,3,2,1,0,0,0,0,0,0,0,0,0,0,0,0,0,0,0,0,0,0,0,0,0,31,15,0,0,0,1,1,0,0,0,0,0,0,0,0,9,1,1,0,0,0,0,25,2019-08-10
11,Lukasz Fabianski,WHU,G,-1.66,1,1,90,0,0,0,14,9,5,5,0,4,2,2,0,0,0,0,0,0,0,0,1,0,1,0,0,0,0,0,0,0,0,0,0,29,17,0,0,0,0,0,1,0,1,0,0,0,0,0,10,0,0,2,0,0,0,21,2019-08-10
12,Ben Foster,WAT,G,-3.76,1,1,90,0,0,0,6,4,3,3,0,1,1,0,0,0,0,0,0,0,0,0,0,0,0,0,0,0,0,0,0,0,0,0,0,23,12,0,0,0,0,0,0,0,1,1,1,0,0,0,7,1,0,0,0,0,0,18,2019-08-10
13,Angus Gunn,SOU,G,-3.82,1,1,90,0,0,0,10,4,3,3,0,1,1,0,0,0,0,0,0,0,0,0,0,0,0,0,0,0,0,0,0,0,0,0,0,30,9,0,0,0,0,0,0,0,0,1,0,0,0,0,6,0,0,0,0,0,0,27,2019-08-10
14,David de Gea,MUN,G,24.34,1,1,90,90,1,1,18,7,0,0,0,7,3,4,0,0,0,0,0,0,0,0,0,0,0,0,0,0,0,0,0,0,0,0,0,22,17,0,0,0,0,0,0,0,0,0,0,0,0,0,3,1,0,0,0,0,0,8,2019-08-11
15,Bernd Leno,ARS,G,14.36,1,1,90,90,1,1,9,2,0,0,0,2,1,1,0,0,0,0,0,0,0,0,0,0,0,0,0,0,0,0,0,0,0,0,0,23,18,0,0,0,3,3,0,0,0,0,0,0,0,0,2,3,3,1,1,0,0,7,2019-08-11
16,Kasper Schmeichel,LEI,G,9.38,1,1,90,90,0,1,8,2,0,0,0,2,1,1,0,0,0,0,0,0,0,0,0,0,0,0,0,0,0,0,0,0,0,0,0,22,19,0,0,0,0,0,0,0,0,0,0,0,0,0,3,0,0,0,0,0,0,6,2019-08-11
17,Rui Patricio,WOL,G,7.28,1,1,90,90,0,1,16,1,0,0,0,1,0,1,0,0,0,0,0,0,0,0,0,0,0,0,0,0,0,0,0,0,0,0,0,27,14,0,1,1,0,0,0,0,0,0,0,0,0,0,12,0,0,0,0,0,0,25,2019-08-11
18,Martin Dubravka,NEW,G,0.3,1,1,90,0,0,0,8,2,1,1,0,1,1,0,0,0,0,0,0,0,0,0,0,0,0,0,0,0,0,0,0,0,0,0,0,24,15,0,0,0,0,0,0,0,0,0,0,0,0,0,12,1,1,0,0,0,0,20,2019-08-11
19,Kepa Arrizabalaga,CHE,G,-5.68,1,1,90,0,0,0,11,5,4,3,1,1,0,1,0,0,0,0,0,0,0,0,1,0,1,0,0,0,0,0,0,0,0,0,0,22,16,0,0,0,1,1,0,0,0,0,0,0,0,0,5,0,0,0,1,0,0,10,2019-08-11
20,Aaron Ramsdale,BOU,G,15.32,1,1,90,0,1,0,21,7,1,0,1,6,3,3,0,0,0,0,0,0,0,0,0,0,0,0,0,0,0,0,0,0,0,0,0,38,16,0,0,0,3,3,0,0,1,0,1,0,0,0,10,2,2,0,2,0,0,32,2019-08-17
21,Jordan Pickford,EVE,G,14.38,1,1,90,90,1,1,8,2,0,0,0,2,1,1,0,0,0,0,0,0,0,0,0,0,0,0,0,0,0,0,0,0,0,0,0,32,19,0,0,0,0,0,0,0,0,0,0,0,0,0,7,0,0,0,0,0,0,20,2019-08-17
22,Hugo Lloris,TOT,G,13.62,1,1,90,0,0,0,30,10,2,2,0,8,5,3,0,0,0,1,0,0,0,0,0,0,0,0,0,0,0,0,0,0,0,0,0,42,31,0,0,0,1,1,0,0,1,1,1,1,0,0,6,1,1,1,1,0,0,17,2019-08-17
23,Nick Pope,BUR,G,11.2,1,1,90,0,0,0,15,9,2,1,1,7,5,2,0,0,0,0,0,0,0,0,0,0,0,0,0,0,0,0,0,0,0,0,1,25,10,0,0,0,1,1,0,0,0,0,0,0,0,0,8,0,0,0,0,0,0,22,2019-08-17
24,Tim Krul,NOR,G,9.54,1,1,90,0,1,0,12,4,1,1,0,3,2,1,0,0,0,0,0,0,0,0,0,0,0,0,0,0,0,0,0,0,0,0,0,36,27,0,0,0,1,1,0,0,0,0,0,0,0,0,7,1,1,0,0,0,0,15,2019-08-17
25,Bernd Leno,ARS,G,9.44,1,1,90,0,1,0,18,4,1,1,0,3,3,0,0,0,0,0,0,0,0,0,0,0,0,0,0,0,0,0,0,0,0,0,0,26,22,0,0,0,1,1,0,0,0,1,0,1,0,0,2,0,0,0,1,0,0,6,2019-08-17
26,Adrian,LIV,G,9.42,1,1,90,0,1,0,14,4,1,1,0,3,1,1,0,0,0,0,0,1,0,0,0,0,0,0,0,0,0,0,0,0,0,0,0,29,21,0,0,0,2,2,0,0,0,0,0,0,0,0,3,0,0,0,1,0,0,9,2019-08-17
27,Lukasz Fabianski,WHU,G,5.12,1,1,90,0,0,0,16,4,1,0,1,3,2,1,0,0,0,0,0,0,0,0,0,0,0,0,0,0,0,1,0,0,0,0,0,33,6,0,0,0,1,1,0,0,1,0,0,0,0,0,5,0,0,0,1,0,0,32,2019-08-17
28,Martin Dubravka,NEW,G,4.26,1,1,90,0,0,0,15,8,3,3,0,5,4,1,0,0,0,0,0,0,0,0,0,0,0,0,0,0,0,0,0,0,0,0,0,21,13,0,0,0,0,0,0,0,0,0,0,0,0,0,7,0,0,0,0,0,0,15,2019-08-17
29,Angus Gunn,SOU,G,4.12,1,1,90,0,0,0,15,6,2,2,0,4,3,1,0,0,0,0,0,0,0,0,0,0,0,0,0,0,0,0,0,0,0,0,0,19,6,0,0,0,1,1,0,0,1,0,1,0,0,0,6,2,1,0,0,0,0,19,2019-08-17
30,Mat Ryan,BHA,G,2.44,1,1,90,0,0,0,8,3,1,1,0,2,2,0,0,0,0,0,0,0,0,0,0,0,0,0,0,0,0,0,0,0,0,0,0,26,22,0,0,0,0,0,0,0,0,0,0,0,0,0,7,0,0,0,0,0,0,11,2019-08-17
31,Ben Foster,WAT,G,1.28,1,1,90,0,0,0,12,2,1,1,0,1,1,0,0,0,0,1,0,0,0,0,0,0,0,0,0,0,0,0,0,0,0,0,0,33,14,0,0,0,0,0,0,0,2,0,2,0,0,0,7,0,0,0,0,0,0,26,2019-08-17
32,Tom Heaton,AVL,G,-0.26,1,1,90,0,0,0,12,4,2,1,1,2,2,0,0,0,1,0,0,0,1,0,1,0,1,0,0,0,0,0,0,0,0,0,0,19,12,0,0,0,0,0,0,0,1,1,1,0,0,0,4,1,0,0,0,0,0,10,2019-08-17
33,Ederson,MCI,G,-3.4,1,1,90,0,0,0,3,2,2,1,1,0,0,0,0,0,0,0,0,0,0,0,0,0,0,0,0,0,0,0,0,0,0,0,0,33,30,0,0,0,0,0,0,0,0,0,0,0,0,0,5,1,1,0,0,0,0,8,2019-08-17
34,Dean Henderson,SHU,G,18.22,1,1,90,90,1,1,6,4,0,0,0,4,1,3,0,0,0,0,0,0,0,0,0,0,0,0,0,0,0,0,0,0,0,0,0,19,11,0,0,0,1,1,0,0,1,0,1,0,0,0,7,1,1,0,1,0,0,15,2019-08-18
35,Kasper Schmeichel,LEI,G,6.5,1,1,90,0,0,0,14,5,1,1,0,4,4,0,0,0,0,0,0,0,0,0,0,0,0,0,0,0,0,0,0,0,0,0,0,34,25,0,0,0,1,1,0,0,1,0,1,0,0,0,9,0,0,0,1,0,0,18,2019-08-18
36,Kepa Arrizabalaga,CHE,G,3.48,1,1,90,0,0,0,12,3,1,1,0,2,2,0,0,0,0,0,0,0,0,0,0,0,0,0,0,0,0,1,0,1,0,0,0,30,24,0,0,0,1,1,0,0,1,1,0,0,0,0,7,1,1,1,0,0,0,13,2019-08-18
37,Vicente Guaita,CRY,G,2.46,1,1,90,0,0,0,15,3,1,1,0,2,2,0,0,0,0,0,0,0,0,0,0,0,0,0,0,0,0,0,0,0,0,0,0,32,23,0,0,0,4,4,0,0,2,0,2,0,0,0,3,1,1,0,2,0,0,11,2019-08-18
38,Rui Patricio,WOL,G,3.16,1,1,90,0,0,0,9,2,1,1,0,1,1,0,0,0,0,0,0,0,0,0,0,1,1,0,0,0,0,0,0,0,0,0,0,22,8,0,0,0,0,0,0,0,0,0,0,0,0,0,4,0,0,0,0,0,0,18,2019-08-19
39,David de Gea,MUN,G,0.32,1,1,90,0,0,0,6,2,1,0,1,1,1,0,0,0,0,0,0,0,0,0,0,0,0,0,0,0,0,0,0,0,0,0,0,18,16,0,0,0,2,2,0,0,0,0,0,0,0,0,5,0,0,0,0,0,0,7,2019-08-19
40,Tom Heaton,AVL,G,12.36,1,1,90,90,1,1,12,1,0,0,0,1,1,0,0,0,0,0,0,0,0,0,0,0,0,0,0,0,0,0,0,1,0,0,0,33,18,0,0,0,1,1,0,0,0,0,0,0,0,0,9,1,1,0,1,0,0,24,2019-08-23
41,Jordan Pickford,EVE,G,-1.64,1,1,90,0,0,0,7,3,2,2,0,1,0,1,0,0,0,0,0,0,0,0,0,0,0,0,0,0,0,0,0,0,0,0,0,24,18,0,0,0,0,0,0,0,0,0,0,0,0,0,4,0,0,0,0,0,0,10,2019-08-23
42,Angus Gunn,SOU,G,18.18,1,1,90,90,1,1,12,3,0,0,0,3,2,1,0,0,0,2,0,0,0,0,0,0,0,0,0,0,0,0,0,0,0,0,0,23,9,0,0,0,0,0,0,0,2,0,0,0,0,0,5,0,0,0,0,0,0,19,2019-08-24
43,Ben Foster,WAT,G,9.36,1,1,90,0,0,0,16,10,3,3,0,7,6,1,0,0,0,0,0,0,0,0,1,0,1,0,0,0,0,0,0,0,0,0,1,20,18,0,0,0,0,0,0,0,1,0,0,0,0,0,5,1,1,1,0,0,0,7,2019-08-24
44,Adrian,LIV,G,7.36,1,1,90,0,1,0,9,3,1,1,0,2,0,2,0,0,0,0,1,0,0,0,0,0,0,0,0,0,0,0,0,0,0,0,0,22,18,0,0,0,1,1,0,0,0,0,0,0,0,0,4,0,0,1,0,0,0,8,2019-08-24
45,Kepa Arrizabalaga,CHE,G,7.34,1,1,90,0,1,0,6,5,2,2,0,3,2,1,0,0,0,0,0,0,0,0,0,0,0,0,0,0,0,0,0,0,0,0,0,24,17,0,0,0,1,1,0,0,0,0,0,0,0,0,3,0,0,0,0,0,0,10,2019-08-24
46,Lukasz Fabianski,WHU,G,7.14,1,1,90,0,1,0,23,3,1,1,0,2,2,0,0,0,0,0,0,0,0,0,0,0,0,0,0,0,0,0,0,0,0,0,0,21,7,0,0,0,1,1,0,0,0,1,0,0,0,0,7,2,2,0,1,0,0,21,2019-08-24
47,Vicente Guaita,CRY,G,5.78,1,1,90,0,1,0,22,3,1,1,0,2,1,1,1,0,0,0,0,0,0,0,0,0,1,0,0,0,0,0,0,0,0,0,0,39,14,0,0,0,0,0,0,0,0,0,0,0,0,0,12,0,0,0,0,0,0,37,2019-08-24
48,Kasper Schmeichel,LEI,G,5.54,1,1,90,0,1,0,7,2,1,1,0,1,1,0,0,0,0,0,0,0,0,0,0,0,0,0,0,0,0,0,0,0,0,0,0,36,27,0,0,0,0,0,0,0,0,1,0,1,0,0,7,1,1,0,0,0,0,15,2019-08-24
49,Tim Krul,NOR,G,5.42,1,1,90,0,0,0,23,8,3,2,1,5,2,3,0,0,0,1,0,0,0,0,0,0,0,0,0,0,0,0,0,0,0,0,0,36,21,0,0,0,2,2,0,0,2,0,2,0,0,0,3,0,0,0,1,0,0,18,2019-08-24
50,Mat Ryan,BHA,G,0.34,1,1,90,0,0,0,12,4,2,1,1,2,1,1,0,0,0,0,0,0,0,0,0,0,0,0,0,0,0,0,0,0,0,0,0,28,17,0,0,0,0,0,0,0,0,0,0,0,0,0,4,0,0,0,0,0,0,13,2019-08-24
51,Bernd Leno,ARS,G,-1.62,1,1,90,0,0,0,25,5,3,3,0,2,2,0,0,0,0,0,0,0,0,0,1,0,1,0,0,0,0,0,0,0,0,0,0,22,19,0,0,0,1,1,0,0,1,0,1,0,0,0,0,1,1,1,0,0,0,3,2019-08-24
52,David de Gea,MUN,G,-1.8,1,1,90,0,0,0,5,3,2,2,0,1,1,0,0,0,0,0,0,0,0,0,0,0,0,0,0,0,0,0,0,0,0,0,0,11,10,0,0,0,0,0,0,0,1,0,1,0,0,0,0,1,1,0,0,0,0,1,2019-08-24
53,Dean Henderson,SHU,G,-3.88,1,1,90,0,0,0,10,2,2,2,0,0,0,0,0,0,0,0,0,0,0,0,0,0,0,0,0,0,0,0,0,0,0,0,0,23,6,0,0,0,0,0,0,0,0,0,0,0,0,0,5,0,0,0,0,0,0,22,2019-08-24
54,Martin Dubravka,NEW,G,14.12,1,1,90,90,1,1,17,2,0,0,0,2,1,1,0,0,0,0,0,0,0,0,0,0,0,0,0,0,0,0,0,0,0,0,0,21,6,0,1,1,1,1,0,0,1,0,1,0,0,0,6,1,1,0,1,0,0,21,2019-08-25
55,Ederson,MCI,G,13.28,1,1,90,0,1,0,10,7,1,0,1,6,5,1,1,0,1,0,0,0,0,0,0,0,0,0,0,0,0,0,0,0,0,0,0,14,14,0,0,0,1,1,0,0,2,1,2,0,0,0,3,3,2,0,1,0,0,3,2019-08-25
56,Rui Patricio,WOL,G,4.26,1,1,90,0,0,0,13,4,1,0,1,3,2,1,0,0,0,0,0,0,0,0,0,0,0,0,0,0,0,0,0,0,0,0,0,21,13,0,0,0,1,1,0,0,1,1,1,1,0,0,5,1,1,0,1,0,0,13,2019-08-25
57,Hugo Lloris,TOT,G,2.32,1,1,90,0,0,0,8,3,1,1,0,2,2,0,0,0,0,0,0,0,0,0,0,0,0,0,0,0,0,0,0,0,0,0,0,16,16,0,0,0,0,0,0,0,0,0,0,0,0,0,3,1,1,0,0,0,0,3,2019-08-25
58,Nick Pope,BUR,G,2.12,1,1,90,0,0,0,17,3,1,1,0,2,0,1,0,0,0,0,0,0,0,0,1,0,1,0,0,0,0,0,0,0,0,0,0,32,6,0,0,0,0,0,0,0,2,0,2,0,0,0,5,3,3,0,0,0,0,31,2019-08-25
59,Aaron Ramsdale,BOU,G,-1.68,1,1,90,0,0,0,18,5,3,3,0,2,2,0,0,0,0,0,0,0,0,0,0,0,0,0,0,0,0,0,0,0,0,0,0,30,16,0,0,0,0,0,0,0,0,0,0,0,0,0,15,0,0,0,0,0,0,29,2019-08-25
60,Lukasz Fabianski,WHU,G,16.42,1,1,90,90,1,1,8,3,0,0,0,3,1,2,0,0,0,0,0,0,0,0,0,0,0,0,0,0,0,0,0,0,0,0,0,27,21,0,0,0,0,0,0,0,0,0,0,0,0,0,17,0,0,0,0,0,0,23,2019-08-31
61,Vicente Guaita,CRY,G,15.28,1,1,90,90,1,1,10,2,0,0,0,2,2,0,0,0,0,1,0,0,0,0,0,0,0,0,0,0,0,0,0,0,0,0,0,21,14,0,0,0,1,1,0,0,1,0,1,0,0,0,3,0,0,0,1,0,0,10,2019-08-31
62,Adrian,LIV,G,14.5,1,1,90,90,1,1,7,2,0,0,0,2,2,0,0,0,0,0,0,0,0,0,0,0,0,0,0,0,0,0,0,0,0,0,0,38,25,0,0,0,1,1,0,0,1,0,1,0,0,0,7,0,0,1,1,0,0,20,2019-08-31
63,Ederson,MCI,G,12.34,1,1,90,90,1,1,6,1,0,0,0,1,1,0,0,0,0,0,0,0,0,0,0,0,0,0,0,0,0,0,0,0,0,0,0,23,17,0,0,0,2,2,0,0,1,0,1,0,0,0,4,0,0,0,1,0,0,9,2019-08-31
64,Angus Gunn,SOU,G,12.18,1,1,90,0,0,0,21,8,1,1,0,7,4,3,0,0,0,0,0,0,0,0,0,0,0,0,0,0,0,0,0,0,0,0,0,25,9,0,0,0,0,0,0,0,0,0,0,0,0,0,5,0,0,0,0,0,0,21,2019-08-31
65,Tom Heaton,AVL,G,6.42,1,1,90,0,0,0,22,5,1,1,0,4,1,3,0,0,0,0,0,0,0,0,0,0,0,0,0,0,0,0,0,0,0,0,0,33,21,0,0,0,1,1,0,0,0,0,0,0,0,0,5,0,0,0,1,0,0,17,2019-08-31
66,Kasper Schmeichel,LEI,G,6.38,1,1,90,0,1,0,8,2,1,1,0,1,0,1,0,0,0,1,0,0,0,0,0,0,0,0,0,0,0,0,0,0,0,0,0,30,19,0,0,0,0,0,0,0,1,0,0,0,0,0,4,0,0,0,0,0,0,15,2019-08-31
67,Tim Krul,NOR,G,6.28,1,1,90,0,0,0,18,7,2,2,0,5,4,1,0,0,0,0,0,0,0,0,0,0,0,0,0,0,0,0,0,0,0,0,0,19,14,0,0,0,3,3,0,0,2,0,2,0,0,0,2,0,0,0,2,0,0,7,2019-08-31
68,Ben Foster,WAT,G,6.26,1,1,90,0,0,0,13,5,1,1,0,4,1,3,0,0,0,0,0,0,0,0,0,0,0,0,0,0,0,0,0,0,0,0,0,36,13,0,0,0,2,2,1,0,2,0,1,0,0,0,7,1,1,0,0,0,0,30,2019-08-31
69,Nick Pope,BUR,G,5.22,1,1,90,0,0,0,16,8,3,1,2,5,2,3,0,0,0,0,0,0,0,0,0,0,0,0,0,0,0,1,0,0,0,0,0,29,11,0,0,0,0,0,0,0,1,0,0,0,0,0,9,0,0,0,0,0,0,27,2019-08-31
70,Martin Dubravka,NEW,G,4.1,1,1,90,0,0,0,13,4,1,1,0,3,1,1,0,0,0,0,0,0,0,0,0,0,0,0,0,0,0,0,0,0,0,0,0,18,5,0,0,0,1,1,0,0,0,0,0,0,0,0,2,0,0,0,0,0,0,15,2019-08-31
71,Dean Henderson,SHU,G,2.34,1,1,90,0,0,0,13,5,2,2,0,3,2,1,0,0,0,0,0,0,0,0,0,0,0,0,0,0,0,0,0,0,0,0,0,34,17,0,0,0,1,1,0,0,1,0,1,0,0,0,8,0,0,0,1,0,0,25,2019-08-31
72,Kepa Arrizabalaga,CHE,G,0.66,1,1,90,0,0,0,9,4,2,2,0,2,0,1,0,0,0,0,0,0,0,0,0,0,0,0,0,0,0,0,0,0,0,0,0,36,33,0,0,0,0,0,0,0,0,0,0,0,0,0,3,0,0,0,0,0,0,6,2019-08-31
73,David de Gea,MUN,G,0.28,1,1,90,0,0,0,10,2,1,1,0,1,1,0,0,0,0,0,0,0,0,0,0,0,0,0,0,0,0,0,0,0,0,0,0,21,14,0,0,0,1,1,0,0,1,0,1,0,0,0,3,0,0,1,1,0,0,10,2019-08-31
74,Aaron Ramsdale,BOU,G,0.12,1,1,90,0,0,0,15,6,3,2,1,3,2,1,0,0,0,0,0,0,0,0,0,0,0,0,0,0,0,0,0,0,0,0,0,20,6,0,0,0,0,0,0,0,0,0,0,0,0,0,2,0,0,1,0,0,0,14,2019-08-31
75,Mat Ryan,BHA,G,-3.28,1,1,90,0,0,0,15,6,4,3,1,2,2,0,0,0,0,0,0,0,0,0,0,0,0,0,0,0,0,0,0,0,0,0,0,39,36,0,0,0,2,2,0,0,0,0,0,0,0,0,3,0,0,1,1,0,0,6,2019-08-31
76,Bernd Leno,ARS,G,10.18,1,1,90,0,0,0,13,9,2,2,0,7,1,6,0,0,0,0,0,1,0,0,1,0,1,0,0,0,0,0,0,0,0,0,0,14,9,0,0,0,1,1,0,0,0,0,0,0,0,0,2,1,1,0,0,0,0,7,2019-09-01
77,Hugo Lloris,TOT,G,8.56,1,1,90,0,0,0,26,8,2,2,0,6,3,3,0,0,0,0,0,0,0,0,0,0,0,0,0,0,0,0,0,0,0,0,0,40,28,0,0,0,0,0,0,0,0,0,0,0,0,0,12,1,0,0,0,0,0,23,2019-09-01
78,Jordan Pickford,EVE,G,7.44,1,1,90,0,1,0,8,5,2,2,0,3,3,0,0,0,0,0,0,0,0,0,0,0,0,0,0,0,0,0,0,0,0,0,0,33,22,0,0,0,0,0,0,0,2,0,2,0,0,0,12,2,2,0,0,0,0,23,2019-09-01
79,Rui Patricio,WOL,G,0.16,1,1,90,0,0,0,15,6,3,3,0,3,3,0,0,0,0,0,0,1,0,0,0,0,0,0,0,0,0,0,0,0,0,0,0,16,8,0,0,0,0,0,0,0,0,0,0,0,0,0,8,0,0,0,0,0,0,16,2019-09-01
80,Hugo Lloris,TOT,G,22.22,1,1,90,90,1,1,11,6,0,0,0,6,4,2,0,0,0,0,0,0,0,0,0,0,0,0,0,0,0,0,0,0,0,0,0,12,11,0,0,0,1,1,0,0,1,0,1,0,0,0,4,0,0,0,1,0,0,5,2019-09-14
81,Angus Gunn,SOU,G,18.32,1,1,90,90,1,1,17,4,0,0,0,4,2,2,0,0,0,0,0,0,0,0,0,0,0,0,0,0,0,0,0,0,0,0,0,28,16,0,0,0,1,1,0,0,1,0,1,0,0,0,6,0,0,0,1,0,0,18,2019-09-14
82,David de Gea,MUN,G,18.24,1,1,90,90,1,1,9,3,0,0,0,3,2,1,0,0,0,2,0,0,0,0,0,0,0,0,0,0,0,0,0,0,0,0,0,19,12,0,0,0,0,0,0,0,2,0,0,0,0,0,3,0,0,0,0,0,0,10,2019-09-14
83,Tim Krul,NOR,G,13.32,1,1,90,0,1,0,25,8,2,1,1,6,6,0,0,0,0,0,0,0,0,0,0,0,0,0,0,0,0,0,0,0,0,0,0,38,16,0,0,0,2,2,0,0,1,0,1,0,0,0,4,1,1,0,2,0,0,26,2019-09-14
84,Dean Henderson,SHU,G,10.08,1,1,90,0,0,0,11,7,1,1,0,6,4,2,0,0,0,0,0,0,0,0,0,0,0,0,0,0,0,0,0,0,0,0,0,19,4,0,0,0,0,0,0,0,1,0,1,0,0,0,3,0,0,0,0,0,0,18,2019-09-14
85,Kepa Arrizabalaga,CHE,G,7.62,1,1,90,0,1,0,12,5,2,2,0,3,2,1,0,0,0,0,0,0,0,0,0,0,0,0,0,0,0,0,0,0,0,0,0,38,31,0,1,1,0,0,0,0,0,0,0,0,0,0,11,1,1,0,0,0,0,18,2019-09-14
86,Kasper Schmeichel,LEI,G,7.44,1,1,90,0,0,0,10,5,1,1,0,4,2,2,0,0,0,0,0,0,0,0,1,0,1,0,0,0,0,0,0,0,0,0,1,28,22,0,0,0,0,0,0,0,0,0,0,0,0,0,10,0,0,0,0,0,0,16,2019-09-14
87,Nick Pope,BUR,G,7.24,1,1,90,0,0,0,14,5,1,1,0,4,3,1,0,0,0,1,0,0,0,0,0,0,0,0,0,0,0,0,0,0,0,0,0,37,12,0,0,0,2,2,0,0,3,0,3,0,0,0,5,2,1,1,1,0,0,30,2019-09-14
88,Martin Dubravka,NEW,G,4.16,1,1,90,0,0,0,21,8,3,3,0,5,4,1,0,0,0,0,0,1,0,0,0,0,0,0,0,0,0,0,0,1,0,0,0,25,8,0,0,0,1,1,0,0,0,0,0,0,0,0,5,0,0,0,1,0,0,22,2019-09-14
89,Adrian,LIV,G,3.38,1,1,90,0,1,0,8,1,1,1,0,0,0,0,0,0,0,0,0,0,0,0,0,0,0,0,0,0,0,0,0,0,0,0,0,20,19,0,0,0,1,1,0,0,0,0,0,0,0,0,1,0,0,0,0,0,0,2,2019-09-14
90,Mat Ryan,BHA,G,-1.58,1,1,90,0,0,0,7,1,1,0,1,0,0,0,0,0,0,0,0,0,0,0,0,0,0,0,0,0,0,0,0,0,0,0,0,32,21,0,0,0,0,0,0,0,0,0,0,0,0,0,5,1,1,0,0,0,0,16,2019-09-14
91,Vicente Guaita,CRY,G,-2.58,1,1,90,0,0,0,14,6,4,4,0,2,1,1,0,0,0,1,0,0,0,0,0,0,0,0,0,0,0,0,0,0,0,0,0,36,21,0,0,0,0,0,0,0,1,0,0,0,0,0,9,0,0,0,0,0,0,24,2019-09-14
92,Ederson,MCI,G,-5.66,1,1,90,0,0,0,7,3,3,3,0,0,0,0,0,0,0,0,0,0,0,0,0,0,0,0,0,0,0,0,0,0,0,0,0,18,17,0,0,0,0,0,0,0,0,0,0,0,0,0,6,0,0,0,0,0,0,7,2019-09-14
93,Rui Patricio,WOL,G,-7.76,1,1,90,0,0,0,15,6,5,4,1,1,1,0,0,0,0,0,0,0,0,0,0,0,0,0,0,0,0,0,0,0,0,0,0,17,12,0,0,0,0,0,0,0,0,1,0,0,0,0,4,1,1,0,0,0,0,7,2019-09-14
94,Aaron Ramsdale,BOU,G,12.36,1,1,90,0,1,0,14,5,1,1,0,4,3,1,0,0,0,0,0,0,0,0,0,0,0,0,0,0,0,1,0,0,0,0,0,31,18,0,0,0,3,3,0,0,1,0,0,0,0,0,6,0,0,0,2,0,0,19,2019-09-15
95,Bernd Leno,ARS,G,10.84,1,1,90,0,0,0,31,10,2,2,0,8,3,5,1,0,0,0,0,0,0,0,1,0,1,0,0,0,0,0,0,0,0,0,0,25,17,0,0,0,1,1,0,0,0,0,0,0,0,0,1,0,0,0,1,0,0,9,2019-09-15
96,Jordan Pickford,EVE,G,0.42,1,1,90,0,0,0,13,6,3,2,1,3,1,2,0,0,0,0,0,0,0,0,0,0,0,0,0,0,0,0,0,0,0,0,0,35,21,0,0,0,1,1,0,0,0,0,0,0,0,0,12,0,0,0,0,0,0,26,2019-09-15
97,Ben Foster,WAT,G,0.1,1,1,90,0,0,0,7,4,2,2,0,2,2,0,0,0,0,0,0,0,0,0,0,0,0,0,0,0,0,0,0,0,0,0,0,9,5,0,0,0,0,0,0,0,0,0,0,0,0,0,5,0,0,0,0,0,0,9,2019-09-15
98,Lukasz Fabianski,WHU,G,15.34,1,1,90,90,0,1,10,5,0,0,0,5,2,3,0,0,0,0,0,0,0,0,0,0,0,0,0,0,0,0,0,0,0,0,0,27,17,0,0,0,2,2,0,0,1,0,1,0,0,0,14,0,0,0,1,0,0,24,2019-09-16
99,Tom Heaton,AVL,G,7.28,1,1,90,90,0,1,13,1,0,0,0,1,0,1,0,0,0,0,0,0,0,0,0,0,0,0,0,0,0,0,0,0,0,0,0,21,14,0,0,0,0,0,0,0,0,0,0,0,0,0,4,0,0,0,0,0,0,11,2019-09-16
100,Aaron Ramsdale,BOU,G,22.3,1,1,90,0,1,0,25,7,1,1,0,6,2,3,0,0,0,0,0,0,0,0,1,0,1,0,0,0,0,0,0,0,0,1,1,30,15,0,0,0,0,0,0,0,0,0,0,0,0,0,8,0,0,0,0,0,0,22,2019-09-20
101,Angus Gunn,SOU,G,-5.78,1,1,90,0,0,0,6,3,3,3,0,0,0,0,0,0,0,0,0,0,0,0,0,0,0,0,0,0,0,0,0,0,0,0,0,19,11,0,0,0,1,1,0,0,0,1,0,0,0,0,3,0,0,0,1,0,0,11,2019-09-20
102,Ederson,MCI,G,19.44,1,1,90,90,1,1,5,4,0,0,0,4,3,1,0,0,0,0,0,0,0,0,0,0,0,0,0,0,0,1,0,0,0,0,0,23,22,0,0,0,0,0,0,0,1,1,0,0,0,0,2,0,0,1,0,0,0,3,2019-09-21
103,Dean Henderson,SHU,G,14.66,1,1,90,90,1,1,16,3,0,0,0,3,2,1,1,0,0,0,0,0,0,0,0,0,0,0,0,0,0,0,0,0,0,0,0,26,8,0,0,0,3,3,0,0,1,0,1,0,0,0,8,1,1,0,1,0,0,26,2019-09-21
104,Nick Pope,BUR,G,14.1,1,1,90,90,1,1,11,2,0,0,0,2,1,1,0,0,0,0,0,0,0,0,0,0,0,0,0,0,0,0,0,0,0,0,0,13,5,0,0,0,2,2,0,0,0,0,0,0,0,0,4,1,1,0,0,0,0,12,2019-09-21
105,Mat Ryan,BHA,G,13.72,1,1,90,90,0,1,11,4,0,0,0,4,2,2,0,0,0,0,0,0,0,0,0,0,0,0,0,0,0,0,0,0,0,0,0,39,36,0,0,0,0,0,0,0,1,0,1,0,0,0,6,2,2,0,0,0,0,9,2019-09-21
106,Kasper Schmeichel,LEI,G,9.38,1,1,90,0,1,0,11,4,1,1,0,3,2,1,0,0,0,0,0,0,0,0,0,0,0,0,0,0,0,0,0,0,0,0,0,27,19,0,0,0,0,0,0,0,0,0,0,0,0,0,11,2,2,0,0,0,0,19,2019-09-21
107,Martin Dubravka,NEW,G,9.22,1,1,90,90,0,1,16,2,0,0,0,2,1,1,0,0,0,0,0,0,0,0,0,0,0,0,0,0,0,0,0,0,0,0,0,26,11,0,0,0,0,0,0,0,1,0,1,0,0,0,5,1,1,0,0,0,0,20,2019-09-21
108,Paulo Gazzaniga,TOT,G,6.36,1,1,90,0,0,0,16,7,2,1,1,5,4,1,0,0,0,0,0,0,0,0,0,0,0,0,0,0,0,0,0,0,0,0,0,23,18,0,0,0,0,0,0,0,0,0,0,0,0,0,2,0,0,0,0,0,0,7,2019-09-21
109,Tim Krul,NOR,G,6.36,1,1,90,0,0,0,13,6,2,2,0,4,3,1,0,0,0,2,0,0,0,0,0,0,0,0,0,0,0,0,0,0,0,0,0,35,18,0,0,0,0,0,0,0,2,0,0,0,0,0,4,2,2,0,0,0,0,21,2019-09-21
110,Jordan Pickford,EVE,G,-3.62,1,1,90,0,0,0,3,2,2,2,0,0,0,0,0,0,0,0,0,0,0,0,0,0,0,0,0,0,0,0,0,0,0,0,0,25,19,0,0,0,0,0,0,0,0,0,0,0,0,0,8,0,0,0,0,0,0,14,2019-09-21
111,Ben Foster,WAT,G,-10.38,1,1,90,0,0,0,28,11,8,7,1,3,1,2,0,0,1,0,0,0,1,0,1,0,1,0,0,0,0,0,0,0,0,0,0,31,6,0,0,0,0,0,0,0,0,1,0,0,0,0,3,1,1,0,0,0,0,28,2019-09-21
112,Lukasz Fabianski,WHU,G,16.2,1,1,90,90,1,1,9,3,0,0,0,3,2,1,0,0,0,0,0,0,0,0,0,0,0,0,0,0,0,0,0,0,0,0,0,26,10,0,1,1,1,1,0,0,0,0,0,0,0,0,5,0,0,0,0,0,0,21,2019-09-22
113,Bernd Leno,ARS,G,13.82,1,1,90,0,1,0,14,9,2,2,0,7,2,5,1,0,0,0,0,0,0,0,0,0,0,0,0,0,0,0,0,0,0,0,0,23,16,0,0,0,0,0,0,0,0,0,0,0,0,0,0,1,1,0,0,0,0,7,2019-09-22
114,Rui Patricio,WOL,G,7.3,1,1,90,0,0,0,14,5,1,1,0,4,4,0,0,0,0,1,0,0,0,0,0,0,0,0,0,0,0,0,0,0,0,0,0,23,15,0,0,0,0,0,0,0,1,0,1,0,0,0,2,0,0,0,0,0,0,10,2019-09-22
115,Adrian,LIV,G,5.42,1,1,90,0,1,0,13,2,1,0,1,1,1,0,0,0,0,0,0,0,0,0,0,0,0,0,0,0,0,0,0,0,0,0,0,31,21,0,0,0,2,2,0,0,2,0,2,0,0,0,7,2,1,0,1,0,0,17,2019-09-22
116,David de Gea,MUN,G,4.36,1,1,90,0,0,0,8,6,2,1,1,4,2,2,0,0,0,0,0,0,0,0,0,0,0,0,0,0,0,0,0,0,0,0,0,18,18,0,0,0,0,0,0,0,0,0,0,0,0,0,2,0,0,0,0,0,0,2,2019-09-22
117,Vicente Guaita,CRY,G,4.18,1,1,90,0,0,0,13,4,1,1,0,3,3,0,0,0,0,0,0,0,0,0,0,0,0,0,0,0,0,0,0,0,0,0,0,23,9,0,0,0,1,1,0,0,1,0,1,0,0,0,3,1,1,0,1,0,0,17,2019-09-22
118,Tom Heaton,AVL,G,0.2,1,1,90,0,0,0,21,6,3,2,1,3,2,1,0,0,0,0,0,0,0,0,1,0,1,0,0,0,0,0,0,0,0,0,0,22,10,0,0,0,1,1,0,0,0,0,0,0,0,0,5,1,1,0,1,0,0,17,2019-09-22
119,Kepa Arrizabalaga,CHE,G,-1.58,1,1,90,0,0,0,6,3,2,1,1,1,1,0,0,0,0,0,0,0,0,0,0,0,0,0,0,0,0,0,0,0,0,0,0,29,21,0,0,0,0,0,0,0,0,0,0,0,0,0,7,1,1,0,0,0,0,15,2019-09-22
120,Rui Patricio,WOL,G,20.16,1,1,90,90,1,1,14,5,0,0,0,5,4,1,0,0,0,0,0,0,0,0,0,0,0,0,0,0,0,0,0,0,0,0,0,16,8,0,0,0,1,1,0,0,0,0,0,0,0,0,6,0,0,0,0,0,0,14,2019-09-28
121,Vicente Guaita,CRY,G,16.16,1,1,90,90,1,1,10,3,0,0,0,3,3,0,0,0,0,0,0,0,0,0,0,0,0,0,0,0,0,0,0,0,0,0,0,22,8,0,0,0,3,3,0,0,0,0,0,0,0,0,7,0,0,0,1,0,0,21,2019-09-28
122,Ederson,MCI,G,15.34,1,1,90,0,1,0,12,7,1,1,0,6,5,1,0,0,0,0,0,0,0,0,0,0,0,0,0,0,0,0,0,0,0,0,0,21,17,0,0,0,0,0,0,0,0,0,0,0,0,0,2,1,1,1,0,0,0,6,2019-09-28
123,Kepa Arrizabalaga,CHE,G,13.64,1,1,90,90,1,1,8,1,0,0,0,1,0,1,0,0,0,1,0,0,0,0,0,0,0,0,0,0,0,0,0,0,0,0,0,41,32,0,0,0,0,0,0,0,1,0,0,0,0,0,3,1,1,0,0,0,0,12,2019-09-28
124,Hugo Lloris,TOT,G,13.34,1,1,90,0,1,0,14,6,1,1,0,5,2,3,0,0,0,0,0,1,0,0,0,0,0,0,0,0,0,0,1,0,0,0,0,29,17,0,0,0,1,1,0,0,0,1,0,0,0,0,7,1,1,0,1,0,0,19,2019-09-28
125,Adrian,LIV,G,12.94,1,1,90,90,1,1,12,2,0,0,0,2,1,1,1,0,0,0,0,0,0,0,0,0,0,0,0,0,0,0,0,0,0,0,0,28,22,0,0,0,1,1,0,0,0,0,0,0,0,0,5,2,2,0,0,0,0,11,2019-09-28
126,Mat Ryan,BHA,G,12.58,1,1,90,0,0,0,24,10,2,2,0,8,7,1,0,0,0,0,0,0,0,0,1,0,1,0,0,0,0,0,0,0,0,0,0,38,29,0,0,0,1,1,0,0,0,0,0,0,0,0,3,1,1,1,1,0,0,12,2019-09-28
127,Jordan Pickford,EVE,G,4.5,1,1,90,0,0,0,19,8,3,2,1,5,2,3,0,0,0,0,0,0,0,0,0,0,0,0,0,0,0,0,0,1,0,0,0,36,25,0,0,0,1,1,0,0,0,0,0,0,0,0,10,0,0,0,0,0,0,21,2019-09-28
128,Aaron Ramsdale,BOU,G,4.22,1,1,90,0,0,0,17,6,2,2,0,4,3,1,0,0,0,0,0,0,0,0,0,0,0,0,0,0,0,0,0,0,0,0,0,21,11,0,0,0,1,1,0,0,0,0,0,0,0,0,1,0,0,0,1,0,0,10,2019-09-28
129,Dean Henderson,SHU,G,4.18,1,1,90,0,0,0,16,4,1,0,1,3,2,1,0,0,0,0,0,1,0,0,0,0,0,0,0,0,0,0,0,0,0,0,0,30,9,0,0,0,0,0,0,0,0,0,0,0,0,0,8,1,1,0,0,0,0,29,2019-09-28
130,Roberto Jimenez,WHU,G,4.04,1,0,56,0,0,0,11,4,1,1,0,3,2,1,0,0,0,0,0,0,0,0,0,0,0,0,0,1,0,0,0,0,0,0,0,21,2,0,0,0,0,0,0,0,0,0,0,0,0,0,1,0,0,0,0,0,0,20,2019-09-28
131,Angus Gunn,SOU,G,0.2,1,1,90,0,0,0,9,4,2,2,0,2,2,0,0,0,0,0,0,0,0,0,0,0,0,0,0,0,0,0,0,0,0,0,0,13,10,0,0,0,0,0,0,0,0,0,0,0,0,0,3,0,0,1,0,0,0,6,2019-09-28
132,Ralf Fahrmann,NOR,G,0.1,1,1,22,0,0,0,5,2,1,1,0,1,0,1,0,0,0,0,0,0,0,0,1,0,1,0,0,0,1,0,0,0,0,0,0,8,5,0,0,0,0,0,0,0,0,0,0,0,0,0,0,1,1,0,0,0,0,3,2019-09-28
133,Ben Foster,WAT,G,-1.7,1,1,90,0,0,0,7,3,2,2,0,1,1,0,0,0,0,0,0,0,0,0,0,0,0,0,0,0,0,0,0,0,0,0,0,27,15,0,0,0,1,1,0,0,0,0,0,0,0,0,5,0,0,0,0,0,0,17,2019-09-28
134,Nick Pope,BUR,G,-1.74,1,1,90,0,0,0,16,3,2,2,0,1,0,1,0,0,0,0,0,0,0,0,0,0,0,0,0,0,0,0,0,0,0,0,0,32,13,0,0,0,0,0,0,0,0,0,0,0,0,0,10,0,0,1,0,0,0,29,2019-09-28
135,Michael McGovern,NOR,G,-1.82,1,0,68,0,0,0,10,1,1,1,0,0,0,0,0,0,0,0,0,0,0,0,0,0,0,0,0,1,0,0,0,0,0,0,0,21,9,0,0,0,1,1,0,0,0,0,0,0,0,0,2,0,0,0,1,0,0,14,2019-09-28
136,Tom Heaton,AVL,G,-1.86,1,1,90,0,0,0,10,3,2,2,0,1,0,1,0,0,0,0,0,0,0,0,0,0,0,0,0,0,0,0,0,0,0,0,0,21,7,0,0,0,1,1,0,0,0,0,0,0,0,0,1,0,0,0,0,0,0,15,2019-09-28
137,Lukasz Fabianski,WHU,G,-1.92,1,1,34,0,0,0,2,1,1,1,0,0,0,0,0,0,0,0,0,0,0,0,0,0,0,0,0,0,1,0,0,0,0,0,0,10,4,0,0,0,0,0,0,0,0,0,0,0,0,0,3,0,0,0,0,0,0,9,2019-09-28
138,Kasper Schmeichel,LEI,G,10.34,1,1,90,90,1,1,3,0,0,0,0,0,0,0,0,0,0,0,0,0,0,0,0,0,0,0,0,0,0,0,0,0,0,0,0,19,17,0,0,0,0,0,0,0,0,0,0,0,0,0,0,1,1,0,0,0,0,2,2019-09-29
139,Martin Dubravka,NEW,G,-7.7,1,1,90,0,0,0,14,6,5,4,1,1,1,0,0,0,0,0,0,0,0,0,0,0,0,0,0,0,0,0,0,0,0,0,0,20,15,0,0,0,1,1,0,0,0,0,0,0,0,0,9,0,0,0,1,0,0,14,2019-09-29
140,Bernd Leno,ARS,G,6.34,1,1,90,0,0,0,16,4,1,0,1,3,1,2,0,0,0,2,0,0,0,0,0,0,0,0,0,0,0,0,0,0,0,0,0,31,17,0,0,0,0,0,0,0,2,0,1,0,0,0,7,0,0,0,0,0,0,21,2019-09-30
141,David de Gea,MUN,G,6.3,1,1,90,0,0,0,10,5,1,1,0,4,3,1,0,0,0,0,0,0,0,0,0,0,0,0,0,0,0,0,0,0,0,0,0,21,15,0,0,0,0,0,0,0,0,0,0,0,0,0,5,1,1,0,0,0,0,10,2019-09-30
142,Mat Ryan,BHA,G,16.52,1,1,90,90,1,1,8,3,0,0,0,3,1,2,0,0,0,0,0,0,0,0,0,0,0,0,0,0,0,0,0,0,0,0,0,33,26,0,0,0,0,0,0,0,0,0,0,0,0,0,8,0,0,0,0,0,0,15,2019-10-05
143,Nick Pope,BUR,G,14.16,1,1,90,90,1,1,11,2,0,0,0,2,1,1,0,0,0,0,0,0,0,0,0,0,0,0,0,0,0,0,0,0,0,0,0,20,8,0,1,1,1,1,0,0,0,0,0,0,0,0,5,0,0,0,0,0,0,17,2019-10-05
144,Vicente Guaita,CRY,G,11.24,1,1,90,0,1,0,9,5,1,1,0,4,3,0,0,0,0,0,0,0,0,0,0,0,0,0,0,0,0,0,0,0,0,0,0,30,12,0,0,0,1,1,0,0,0,0,0,0,0,0,6,1,0,0,1,0,0,24,2019-10-05
145,Ben Foster,WAT,G,11.24,1,1,90,90,0,1,9,3,0,0,0,3,2,1,0,0,0,0,0,0,0,0,0,0,0,0,0,0,0,0,0,0,0,0,0,28,12,0,0,0,2,2,0,0,0,0,0,0,0,0,8,0,0,0,1,0,0,23,2019-10-05
146,Tom Heaton,AVL,G,11.22,1,1,90,0,1,0,21,5,1,1,0,4,2,2,0,0,0,0,0,0,0,0,0,0,0,0,0,0,0,0,0,0,0,0,0,27,11,0,0,0,0,0,0,0,1,0,0,0,0,0,10,0,0,0,0,0,0,26,2019-10-05
147,Dean Henderson,SHU,G,9.14,1,1,90,90,0,1,8,2,0,0,0,2,2,0,0,0,0,0,0,0,0,0,0,0,0,0,0,0,0,0,0,0,0,0,0,23,7,0,0,0,0,0,0,0,0,0,0,0,0,0,4,1,1,0,0,0,0,20,2019-10-05
148,Kasper Schmeichel,LEI,G,8.44,1,1,90,0,0,0,18,8,2,2,0,6,5,1,0,0,0,0,0,0,0,0,1,0,1,0,0,0,0,0,0,0,0,0,0,34,22,0,1,1,1,1,0,0,0,0,0,0,0,0,14,1,1,1,0,0,0,26,2019-10-05
149,Michael McGovern,NOR,G,7.2,1,1,90,0,0,0,22,12,5,3,2,7,4,3,0,0,0,0,1,0,0,0,0,1,1,0,0,0,0,0,0,0,0,0,0,19,10,0,0,0,2,2,0,0,0,0,0,0,0,0,2,0,0,0,1,0,0,11,2019-10-05
150,Adrian,LIV,G,5.28,1,1,90,0,1,0,2,1,1,1,0,0,0,0,0,0,0,1,0,0,0,0,0,0,0,0,0,0,0,1,0,0,0,0,0,21,14,0,0,0,0,0,0,0,2,0,0,0,0,0,10,1,1,0,0,0,0,17,2019-10-05
151,Jordan Pickford,EVE,G,3.28,1,1,90,0,0,0,9,3,1,1,0,2,2,0,0,0,0,1,0,0,0,0,0,0,0,0,0,0,0,0,0,0,0,0,0,29,14,0,0,0,4,4,0,0,3,0,3,0,0,0,7,2,2,0,2,0,0,22,2019-10-05
152,Paulo Gazzaniga,TOT,G,2.54,1,0,82,0,0,0,16,5,2,2,0,3,2,1,0,0,0,0,0,0,0,0,0,0,0,0,0,1,0,0,0,0,0,0,0,31,27,0,0,0,1,1,0,0,0,0,0,0,0,0,1,0,0,0,1,0,0,5,2019-10-05
153,Roberto Jimenez,WHU,G,-1.7,1,1,90,0,0,0,7,3,2,2,0,1,0,1,0,0,0,0,0,0,0,0,1,0,1,0,0,0,0,0,0,1,0,0,0,25,15,0,0,0,0,0,0,0,0,0,0,0,0,0,9,0,0,0,0,0,0,19,2019-10-05
154,Hugo Lloris,TOT,G,-2.0,1,1,8,0,0,0,1,1,1,1,0,0,0,0,0,0,0,0,0,1,0,0,0,0,0,0,0,0,1,0,0,0,0,0,0,0,0,0,0,0,0,0,0,0,0,0,0,0,0,0,0,1,0,0,0,0,0,0,2019-10-05
155,Martin Dubravka,NEW,G,16.26,1,1,90,90,1,1,12,3,0,0,0,3,2,1,0,0,0,0,0,0,0,0,0,0,0,0,0,0,0,0,0,1,0,0,0,25,13,0,0,0,1,1,0,0,1,0,1,0,0,0,11,2,2,0,1,0,0,23,2019-10-06
156,Bernd Leno,ARS,G,14.3,1,1,90,90,1,1,10,2,0,0,0,2,1,1,0,0,0,0,0,0,0,0,0,0,0,0,0,0,0,0,0,0,0,0,0,33,15,0,0,0,0,0,0,0,0,1,0,0,0,0,5,1,1,0,0,0,0,23,2019-10-06
157,Rui Patricio,WOL,G,14.26,1,1,90,90,1,1,18,2,0,0,0,2,0,2,0,0,0,0,0,0,0,0,0,0,0,0,0,0,0,0,0,0,0,0,0,24,13,0,0,0,2,2,0,0,1,0,1,0,0,0,6,2,2,0,1,0,0,17,2019-10-06
158,Kepa Arrizabalaga,CHE,G,5.42,1,1,90,0,1,0,10,2,1,1,0,1,0,1,0,0,0,0,0,0,0,0,0,0,0,0,0,0,0,0,0,0,0,0,0,34,21,0,0,0,0,0,0,0,0,0,0,0,0,0,7,0,0,0,0,0,0,20,2019-10-06
159,David de Gea,MUN,G,0.36,1,1,90,0,0,0,12,2,1,0,1,1,0,1,0,0,0,0,0,0,0,0,0,0,0,0,0,0,0,0,0,0,0,0,0,19,18,0,0,0,0,0,0,0,0,0,0,0,0,0,1,0,0,0,0,0,0,2,2019-10-06
160,Aaron Ramsdale,BOU,G,0.3,1,1,90,0,0,0,12,2,1,1,0,1,1,0,0,0,0,0,0,0,0,0,0,0,0,0,0,0,0,0,0,0,0,0,0,23,15,0,0,0,0,0,0,0,0,1,0,1,0,0,2,0,0,0,0,0,0,10,2019-10-06
161,Angus Gunn,SOU,G,-1.84,1,1,90,0,0,0,13,7,4,3,1,3,1,2,0,0,0,0,0,0,0,0,0,0,0,0,0,0,0,0,0,0,0,0,0,30,8,0,0,0,0,0,0,0,0,0,0,0,0,0,3,0,0,0,0,0,0,25,2019-10-06
162,Ederson,MCI,G,-5.1,1,1,90,0,0,0,7,2,2,1,1,0,0,0,1,0,0,0,0,0,0,0,0,0,0,0,0,0,0,0,0,0,0,0,0,21,20,0,0,0,0,0,0,0,0,0,0,0,0,0,6,0,0,0,0,0,0,6,2019-10-06
163,Jordan Pickford,EVE,G,18.36,1,1,90,90,1,1,8,4,0,0,0,4,3,1,0,0,0,0,0,0,0,0,0,0,0,0,0,0,0,0,0,0,0,0,0,27,18,0,0,0,0,0,0,0,0,0,0,0,0,0,9,0,0,0,0,0,0,18,2019-10-19
164,Ederson,MCI,G,14.42,1,1,90,90,1,1,7,2,0,0,0,2,2,0,0,0,0,0,0,0,0,0,0,0,0,0,0,0,0,0,0,0,0,0,0,24,21,0,0,0,1,1,0,0,1,0,1,0,0,0,6,1,1,0,1,0,0,9,2019-10-19
165,Wayne Hennessey,CRY,G,14.22,1,1,90,0,0,0,21,11,2,2,0,9,5,3,0,0,0,0,0,0,0,0,0,0,0,0,0,0,0,0,0,0,0,0,0,29,11,0,0,0,2,2,0,0,0,0,0,0,0,0,10,0,0,0,1,0,0,28,2019-10-19
166,Roberto Jimenez,WHU,G,14.22,1,1,90,0,0,0,19,11,2,1,1,9,5,3,0,0,0,0,0,0,0,0,0,0,0,0,0,0,0,0,0,0,0,0,0,31,11,0,0,0,0,0,0,0,0,0,0,0,0,0,8,0,0,0,0,0,0,28,2019-10-19
167,Tom Heaton,AVL,G,12.22,1,1,90,0,1,0,20,5,1,1,0,4,3,1,0,0,0,1,0,0,0,0,0,0,0,0,0,0,0,0,0,0,0,0,0,19,11,0,0,0,0,0,0,0,1,0,0,0,0,0,1,0,0,1,0,0,0,9,2019-10-19
168,Tim Krul,NOR,G,10.56,1,1,90,90,0,1,11,2,0,0,0,2,2,0,0,0,0,1,0,0,0,0,0,0,0,0,0,0,0,0,0,0,0,0,0,47,28,0,0,0,1,1,0,0,2,0,2,0,0,0,12,0,0,0,1,0,0,30,2019-10-19
169,Kasper Schmeichel,LEI,G,10.38,1,1,90,0,1,0,13,4,1,1,0,3,3,0,0,0,0,1,0,0,0,0,0,0,0,0,0,0,0,0,0,0,0,0,0,25,19,0,0,0,0,0,0,0,1,0,1,0,0,0,10,1,1,1,0,0,0,15,2019-10-19
170,Kepa Arrizabalaga,CHE,G,10.28,1,1,90,90,1,1,5,0,0,0,0,0,0,0,0,0,0,0,0,0,0,0,0,0,0,0,0,0,0,0,0,0,0,0,0,15,14,0,0,0,0,0,0,0,0,0,0,0,0,0,2,1,1,0,0,0,0,3,2019-10-19
171,Martin Dubravka,NEW,G,10.26,1,1,90,0,0,0,16,7,1,1,0,6,6,0,0,0,0,0,0,0,0,0,0,0,0,0,0,0,0,0,0,1,0,0,0,25,13,0,0,0,1,1,0,0,0,0,0,0,0,0,11,1,1,0,1,0,0,23,2019-10-19
172,Mat Ryan,BHA,G,9.48,1,1,90,0,0,0,24,8,2,2,0,6,4,2,0,0,0,1,0,0,0,0,0,0,0,0,0,0,0,0,0,0,0,0,0,31,24,0,0,0,1,1,0,0,1,0,1,0,0,0,8,2,1,0,0,0,0,13,2019-10-19
173,Aaron Ramsdale,BOU,G,7.38,1,1,90,90,0,1,10,1,0,0,0,1,0,1,0,0,0,0,0,0,0,0,0,0,0,0,0,0,0,0,0,0,0,0,0,25,19,0,0,0,0,0,0,0,0,0,0,0,0,0,5,1,1,0,0,0,0,11,2019-10-19
174,Rui Patricio,WOL,G,6.34,1,1,90,0,0,0,14,5,1,1,0,4,3,1,0,0,0,0,0,0,0,0,0,0,0,0,0,0,0,0,0,0,0,0,0,24,17,0,0,0,0,0,0,0,0,0,0,0,0,0,4,0,0,0,0,0,0,11,2019-10-19
175,Paulo Gazzaniga,TOT,G,0.32,1,1,90,0,0,0,7,2,1,1,0,1,0,1,0,0,0,0,0,0,0,0,0,0,0,0,0,0,0,0,0,0,0,0,0,20,16,0,0,0,0,0,0,0,0,0,0,0,0,0,3,0,0,0,0,0,0,6,2019-10-19
176,Ben Foster,WAT,G,0.12,1,1,90,0,0,0,12,2,1,1,0,1,0,1,0,0,0,0,0,1,0,0,0,0,0,0,0,0,0,0,0,0,0,0,0,36,6,0,0,0,2,2,1,0,1,0,0,0,0,0,6,2,1,0,0,0,0,36,2019-10-19
177,Nick Pope,BUR,G,-1.8,1,1,90,0,0,0,19,3,2,2,0,1,0,1,0,0,0,0,0,0,0,0,0,0,0,0,0,0,0,0,0,0,0,0,0,15,10,0,0,0,0,0,0,0,0,0,0,0,0,0,8,0,0,0,0,0,0,13,2019-10-19
178,Angus Gunn,SOU,G,-1.9,1,1,90,0,0,0,4,1,1,1,0,0,0,0,0,0,0,0,0,0,0,0,1,0,1,0,0,0,0,0,0,0,0,0,0,23,5,0,0,0,0,0,0,0,0,0,0,0,0,0,2,2,2,0,0,0,0,20,2019-10-19
179,David de Gea,MUN,G,4.14,1,1,90,0,0,0,10,4,1,1,0,3,2,1,0,0,0,0,0,0,0,0,0,0,0,0,0,0,0,0,0,0,0,0,0,24,7,0,0,0,0,0,0,0,0,0,0,0,0,0,3,0,0,0,0,0,0,20,2019-10-20
180,Alisson,LIV,G,0.58,1,1,90,0,0,0,7,2,1,1,0,1,0,1,0,0,0,0,0,0,0,0,0,0,0,0,0,0,0,0,0,0,0,0,0,33,29,0,0,0,1,1,0,0,1,0,1,0,0,0,5,1,1,0,1,0,0,8,2019-10-20
181,Dean Henderson,SHU,G,14.74,1,1,90,90,1,1,9,3,0,0,0,3,1,2,1,0,0,0,0,0,0,0,0,0,0,0,0,0,0,0,0,0,0,0,0,23,12,0,0,0,0,0,0,0,0,0,0,0,0,0,11,0,0,0,0,0,0,22,2019-10-21
182,Bernd Leno,ARS,G,0.56,1,1,90,0,0,0,8,2,1,1,0,1,0,1,0,0,0,0,0,0,0,0,0,0,0,0,0,0,0,0,0,0,0,0,0,34,28,0,0,0,1,1,0,0,0,0,0,0,0,0,3,0,0,0,1,0,0,8,2019-10-21
183,Kasper Schmeichel,LEI,G,16.28,1,1,90,90,1,1,6,3,0,0,0,3,2,1,0,0,0,0,0,0,0,0,0,0,0,0,0,0,0,0,0,0,0,0,0,16,14,0,0,0,0,0,0,0,0,0,0,0,0,0,1,1,1,0,0,0,0,2,2019-10-25
184,Angus Gunn,SOU,G,-4.92,1,1,90,0,0,0,25,15,9,8,1,6,5,1,0,0,0,0,0,0,0,0,1,0,1,0,0,0,0,1,0,0,0,0,0,21,4,0,0,0,0,0,0,0,1,0,0,0,0,0,4,0,0,0,0,0,0,21,2019-10-25
185,Ederson,MCI,G,20.4,1,1,90,90,1,1,11,5,0,0,0,5,3,2,0,0,0,0,0,0,0,0,0,0,0,0,0,0,0,0,0,0,0,0,0,23,20,0,0,0,2,2,0,0,1,0,1,0,0,0,6,1,1,0,2,0,0,9,2019-10-26
186,Ben Foster,WAT,G,15.18,1,1,90,90,0,1,15,5,0,0,0,5,3,2,0,0,0,0,0,0,0,0,0,0,0,0,0,0,0,0,0,0,0,0,0,24,9,0,0,0,3,3,0,0,0,0,0,0,0,0,9,1,1,0,1,0,0,23,2019-10-26
187,Mat Ryan,BHA,G,11.72,1,1,90,0,1,0,11,7,2,2,0,5,3,2,0,0,0,0,0,0,0,0,0,0,0,0,0,0,0,0,0,0,0,0,0,40,36,0,0,0,0,0,0,0,0,0,0,0,0,0,2,0,0,0,0,0,0,5,2019-10-26
188,Aaron Ramsdale,BOU,G,11.4,1,1,90,90,0,1,7,3,0,0,0,3,1,2,0,0,0,0,0,0,0,0,0,0,0,0,0,0,0,0,0,0,0,0,0,27,20,0,0,0,2,2,0,0,0,0,0,0,0,0,6,1,1,1,0,0,0,13,2019-10-26
189,Kepa Arrizabalaga,CHE,G,7.46,1,1,90,0,1,0,13,5,2,0,2,3,2,1,0,0,0,0,0,0,0,0,0,0,0,0,0,0,0,0,0,0,0,0,0,32,23,0,0,0,0,0,0,0,0,0,0,0,0,0,7,0,0,0,0,0,0,16,2019-10-26
190,Tom Heaton,AVL,G,6.5,1,1,90,0,0,0,26,9,3,3,0,6,5,1,0,0,0,0,0,0,0,0,0,0,0,0,0,0,0,0,0,0,0,0,0,33,25,0,0,0,0,0,0,0,0,0,0,0,0,0,9,0,0,0,0,0,0,17,2019-10-26
191,Dean Henderson,SHU,G,4.14,1,1,90,0,0,0,12,4,1,1,0,3,2,1,0,0,0,0,0,0,0,0,0,0,0,0,0,0,0,0,0,0,0,0,0,25,7,0,0,0,2,2,0,0,1,0,1,0,0,0,5,2,2,0,2,0,0,23,2019-10-26
192,Roberto Jimenez,WHU,G,2.2,1,1,90,0,0,0,10,3,1,1,0,2,2,0,0,0,0,0,0,0,0,0,0,0,0,0,0,0,0,0,0,0,0,0,0,27,10,0,0,0,1,1,0,0,0,0,0,0,0,0,5,0,0,0,0,0,0,22,2019-10-26
193,Jordan Pickford,EVE,G,-1.62,1,1,90,0,0,0,9,5,3,2,1,2,0,2,0,0,0,0,0,0,0,0,1,0,1,0,0,0,0,0,0,0,0,0,0,33,19,0,0,0,1,1,0,0,0,0,0,0,0,0,7,0,0,0,1,0,0,21,2019-10-26
194,Nick Pope,BUR,G,-1.82,1,1,90,0,0,0,16,7,4,4,0,3,2,1,0,0,0,0,0,0,0,0,0,0,0,0,0,0,0,0,0,0,0,0,0,23,9,0,0,0,0,0,0,0,1,0,1,0,0,0,6,1,1,0,0,0,0,20,2019-10-26
195,Paulo Gazzaniga,TOT,G,21.22,1,1,90,0,0,0,21,14,2,2,0,12,8,3,0,0,0,0,0,0,0,0,1,0,1,0,0,0,0,0,0,0,0,0,1,28,11,0,0,0,0,0,0,0,0,0,0,0,0,0,5,2,2,0,0,0,0,22,2019-10-27
196,Tim Krul,NOR,G,16.32,1,1,90,0,0,0,21,11,3,3,0,8,7,1,0,0,0,0,0,0,0,0,0,2,2,0,0,0,0,0,0,0,0,0,0,25,16,0,0,0,1,1,0,0,0,0,0,0,0,0,3,0,0,0,1,0,0,12,2019-10-27
197,Alisson,LIV,G,9.54,1,1,90,0,1,0,11,4,1,1,0,3,2,1,0,0,0,0,0,0,0,0,0,0,0,0,0,0,0,0,0,0,0,0,0,35,27,0,0,0,0,0,0,0,0,1,0,0,0,0,7,0,0,0,0,0,0,15,2019-10-27
198,David de Gea,MUN,G,7.2,1,1,90,0,1,0,10,3,1,1,0,2,1,1,0,0,0,0,0,0,0,0,0,0,0,0,0,0,0,0,0,0,0,0,0,18,10,0,0,0,0,0,0,0,0,0,0,0,0,0,6,0,0,0,0,0,0,14,2019-10-27
199,Martin Dubravka,NEW,G,6.42,1,1,90,0,0,0,13,5,1,1,0,4,2,2,0,0,0,0,0,1,0,0,0,0,0,0,0,0,0,0,0,0,0,0,0,31,21,0,0,0,3,3,0,0,0,0,0,0,0,0,9,0,0,0,1,0,0,19,2019-10-27
200,Wayne Hennessey,CRY,G,4.44,1,1,90,0,0,0,15,6,2,2,0,4,3,1,0,0,0,0,0,0,0,0,0,0,0,0,0,0,0,0,0,0,0,0,0,33,22,0,0,0,0,0,0,0,0,1,0,1,0,0,17,0,0,0,0,0,0,28,2019-10-27
201,Bernd Leno,ARS,G,0.24,1,1,90,0,0,0,10,4,2,2,0,2,2,0,0,0,0,0,0,0,0,0,1,0,1,0,0,0,0,0,0,0,0,0,0,16,12,0,0,0,1,1,0,0,1,0,1,0,0,0,0,2,2,0,1,0,0,4,2019-10-27
202,Rui Patricio,WOL,G,0.14,1,1,90,0,0,0,13,2,1,1,0,1,1,0,0,0,0,0,0,0,0,0,0,0,0,0,0,0,0,0,0,0,0,0,0,11,7,0,0,0,0,0,0,0,0,0,0,0,0,0,4,1,1,0,0,0,0,8,2019-10-27
203,Aaron Ramsdale,BOU,G,18.28,1,1,90,90,1,1,15,4,0,0,0,4,0,4,0,0,0,0,0,0,0,0,0,0,0,0,0,0,0,0,0,0,0,0,0,32,14,0,0,0,2,2,0,0,0,0,0,0,0,0,8,0,0,0,1,0,0,25,2019-11-02
204,Ben Foster,WAT,G,13.18,1,1,90,0,0,0,16,10,2,2,0,8,6,2,0,0,0,0,0,0,0,0,0,0,0,0,0,0,0,0,0,0,0,0,0,22,9,0,0,0,0,0,0,0,0,0,0,0,0,0,7,0,0,0,0,0,1,20,2019-11-02
205,Bernd Leno,ARS,G,12.36,1,1,90,0,0,0,24,8,1,1,0,7,5,2,0,0,0,0,0,0,0,0,0,0,0,0,0,0,0,0,0,0,0,0,0,23,18,0,0,0,0,0,0,0,0,0,0,0,0,0,4,0,0,0,0,0,0,9,2019-11-02
206,Dean Henderson,SHU,G,12.1,1,1,90,90,1,1,6,1,0,0,0,1,0,0,0,0,0,0,0,0,0,0,0,0,0,0,0,0,0,0,0,0,0,0,0,36,5,0,0,0,2,2,0,0,2,0,2,0,0,0,5,1,1,0,2,0,0,36,2019-11-02
207,Mat Ryan,BHA,G,10.54,1,1,90,90,1,1,7,0,0,0,0,0,0,0,0,0,0,0,0,0,0,0,0,0,0,0,0,0,0,0,0,0,0,0,0,30,27,0,0,0,1,1,0,0,0,0,0,0,0,0,3,0,0,0,0,0,0,6,2019-11-02
208,Martin Dubravka,NEW,G,9.2,1,1,90,0,1,0,16,6,2,2,0,4,3,1,0,0,0,0,0,0,0,0,0,0,0,0,0,0,0,0,0,0,0,0,0,28,10,0,0,0,1,1,0,0,0,0,0,0,0,0,9,2,2,0,0,0,0,27,2019-11-02
209,David de Gea,MUN,G,8.18,1,1,90,0,0,0,13,6,1,1,0,5,5,0,0,0,0,0,0,0,0,0,0,0,0,0,0,0,0,0,0,0,0,0,0,22,9,0,0,0,1,1,0,0,0,0,0,0,0,0,2,0,0,0,0,0,0,15,2019-11-02
210,Kepa Arrizabalaga,CHE,G,7.56,1,1,90,0,1,0,12,3,1,1,0,2,2,0,0,0,0,0,0,0,0,0,1,0,1,0,0,0,0,0,0,0,0,0,0,33,28,0,0,0,0,0,0,0,0,0,0,0,0,0,4,0,0,0,0,0,0,9,2019-11-02
211,Roberto Jimenez,WHU,G,6.24,1,1,90,0,0,0,12,9,3,2,1,6,4,2,0,0,0,0,0,1,0,0,0,0,0,0,0,0,0,0,0,0,0,0,0,16,12,0,0,0,0,0,0,0,0,0,0,0,0,0,2,0,0,0,0,0,0,6,2019-11-02
212,Ederson,MCI,G,5.94,1,1,90,0,1,0,3,3,1,1,0,2,0,2,1,0,0,0,0,1,0,0,0,0,0,0,0,0,0,0,0,0,0,0,0,23,22,0,0,0,0,0,0,0,0,0,0,0,0,0,7,1,1,0,0,0,0,8,2019-11-02
213,Alisson,LIV,G,5.26,1,1,90,0,1,0,4,2,1,1,0,1,1,0,0,0,0,0,0,0,0,0,0,0,0,0,0,0,0,0,0,0,0,0,0,14,13,0,0,0,2,2,0,0,0,0,0,0,0,0,2,0,0,0,0,0,0,3,2019-11-02
214,Tom Heaton,AVL,G,4.28,1,1,90,0,0,0,25,6,2,2,0,4,2,2,0,0,0,0,0,0,0,0,0,0,0,0,0,0,0,0,0,0,0,0,0,40,14,0,0,0,2,2,0,0,0,0,0,0,0,0,10,0,0,0,0,0,0,36,2019-11-02
215,Rui Patricio,WOL,G,4.24,1,1,90,0,0,0,10,4,1,1,0,3,3,0,0,0,0,0,0,0,0,0,0,0,0,0,0,0,0,0,0,0,0,0,0,16,12,0,0,0,0,0,0,0,0,0,0,0,0,0,10,1,1,0,0,0,0,14,2019-11-02
216,Tim Krul,NOR,G,2.3,1,1,90,0,0,0,21,5,2,2,0,3,2,1,0,0,0,0,0,0,0,0,0,0,0,0,0,0,0,0,0,1,0,0,0,33,15,0,0,0,2,2,0,0,0,0,0,0,0,0,4,1,1,0,1,0,0,22,2019-11-02
217,Nick Pope,BUR,G,0.28,1,1,90,0,0,0,13,6,3,3,0,3,3,0,0,0,0,0,0,0,0,0,0,0,0,0,0,0,0,0,0,0,0,0,0,35,14,0,0,0,0,0,0,0,0,0,0,0,0,0,9,0,0,0,0,0,0,30,2019-11-02
218,Alex McCarthy,SOU,G,-0.26,1,1,90,0,0,0,26,4,2,2,0,2,2,0,0,0,1,0,0,0,0,0,0,0,0,0,0,0,0,0,0,0,0,0,0,33,12,0,0,0,1,1,0,0,2,1,2,1,0,0,9,3,2,1,0,0,0,30,2019-11-02
219,Kasper Schmeichel,LEI,G,16.4,1,1,90,90,1,1,12,3,0,0,0,3,1,2,0,0,0,0,0,0,0,0,0,0,0,0,0,0,0,0,0,0,0,0,0,25,20,0,0,0,0,0,0,0,0,0,0,0,0,0,7,1,1,0,0,0,0,12,2019-11-03
220,Paulo Gazzaniga,TOT,G,2.42,1,1,90,0,0,0,7,3,1,1,0,2,2,0,0,0,0,0,0,0,0,0,0,0,0,0,0,0,0,0,0,0,0,0,0,31,21,0,0,0,0,0,0,0,1,0,1,0,0,0,4,0,0,0,0,0,0,14,2019-11-03
221,Vicente Guaita,CRY,G,2.16,1,1,90,0,0,0,14,5,2,2,0,3,2,1,0,0,0,0,0,0,0,0,0,0,0,0,0,0,0,0,0,0,0,0,0,13,8,0,0,0,1,1,0,0,0,0,0,0,0,0,1,0,0,1,1,0,0,6,2019-11-03
222,Jordan Pickford,EVE,G,0.46,1,1,90,0,0,0,5,2,1,1,0,1,0,1,0,0,0,0,0,0,0,0,0,0,0,0,0,0,0,0,0,0,0,0,0,31,23,0,0,0,1,1,0,0,0,0,0,0,0,0,14,0,0,0,0,0,0,22,2019-11-03
223,Ben Foster,WAT,G,20.28,1,1,90,90,1,1,17,5,0,0,0,5,2,3,0,0,0,0,0,0,0,0,0,0,0,0,0,0,0,0,0,0,0,0,0,29,14,0,0,0,0,0,0,0,1,0,0,0,0,0,14,0,0,0,0,0,0,29,2019-11-08
224,Tim Krul,NOR,G,-3.46,1,1,90,0,0,0,12,2,2,2,0,0,0,0,0,0,0,0,0,0,0,0,0,0,0,0,0,0,0,0,0,0,0,0,0,34,27,0,0,0,0,0,0,0,0,0,0,0,0,0,6,1,1,0,0,0,0,13,2019-11-08
225,Nick Pope,BUR,G,18.24,1,1,90,90,1,1,7,4,0,0,0,4,2,2,0,0,0,0,0,0,0,0,0,0,0,0,0,0,0,0,0,0,0,0,0,27,12,0,0,0,0,0,0,0,0,0,0,0,0,0,12,2,2,0,0,0,0,27,2019-11-09
226,Roberto Jimenez,WHU,G,15.26,1,1,90,0,0,0,15,13,3,3,0,10,6,4,0,0,0,1,0,1,0,0,0,0,0,0,0,0,0,0,0,0,0,0,0,37,13,0,0,0,4,4,0,0,2,0,1,0,0,0,7,0,0,1,3,1,0,31,2019-11-09
227,Kasper Schmeichel,LEI,G,13.3,1,1,90,90,1,1,8,1,0,0,0,1,1,0,0,0,0,1,0,0,0,0,0,0,0,0,0,0,0,0,0,0,0,0,0,17,15,0,0,0,0,0,0,0,1,0,1,0,0,0,3,0,0,0,0,0,0,5,2019-11-09
228,Kepa Arrizabalaga,CHE,G,12.42,1,1,90,90,1,1,3,1,0,0,0,1,0,1,0,0,0,0,0,0,0,0,0,0,0,0,0,0,0,0,0,0,0,0,0,25,21,0,0,0,0,0,0,0,0,0,0,0,0,0,4,0,0,1,0,0,0,8,2019-11-09
229,Aaron Ramsdale,BOU,G,10.24,1,1,90,0,0,0,21,9,2,2,0,7,3,4,0,0,0,0,0,0,0,0,0,0,0,0,0,0,0,0,0,0,0,0,0,17,12,0,0,0,1,1,0,0,2,0,1,0,0,0,1,1,1,0,1,0,0,6,2019-11-09
230,Martin Dubravka,NEW,G,9.28,1,1,90,0,1,0,16,4,1,1,0,3,3,0,0,0,0,0,0,0,0,0,0,0,0,0,0,0,0,0,0,0,0,0,0,24,14,0,0,0,1,1,0,0,0,0,0,0,0,0,10,1,1,0,0,0,0,20,2019-11-09
231,Jordan Pickford,EVE,G,7.32,1,1,90,0,1,0,4,3,1,1,0,2,0,2,0,0,0,0,0,0,0,0,0,0,0,0,0,0,0,0,0,0,0,0,0,35,16,0,0,0,0,0,0,0,0,0,0,0,0,0,10,0,0,0,0,0,0,29,2019-11-09
232,Bernd Leno,ARS,G,6.5,1,1,90,0,0,0,19,7,2,1,1,5,4,1,0,0,0,0,0,0,0,0,0,0,0,0,0,0,0,0,0,0,0,0,0,34,25,0,0,0,2,2,0,0,0,0,0,0,0,0,1,2,2,0,1,0,0,10,2019-11-09
233,Dean Henderson,SHU,G,6.1,1,1,90,0,0,0,17,5,1,1,0,4,2,2,0,0,0,0,0,0,0,0,0,0,0,0,0,0,0,0,0,0,0,0,0,25,5,0,0,0,0,0,0,0,0,0,0,0,0,0,4,0,0,1,0,0,0,24,2019-11-09
234,Paulo Gazzaniga,TOT,G,4.42,1,1,90,0,0,0,14,4,1,1,0,3,0,3,0,0,0,0,0,0,0,0,0,0,0,0,0,0,0,0,0,0,0,0,0,28,21,0,0,0,1,1,0,0,0,0,0,0,0,0,6,0,0,0,0,0,0,13,2019-11-09
235,Vicente Guaita,CRY,G,2.28,1,1,90,0,0,0,23,5,2,2,0,3,1,2,0,0,0,0,0,0,0,0,0,0,0,0,0,0,0,0,0,0,0,0,0,23,14,0,0,0,4,4,0,0,1,0,1,0,0,0,9,0,0,0,1,0,0,18,2019-11-09
236,Alex McCarthy,SOU,G,2.26,1,1,90,0,0,0,24,5,2,2,0,3,2,1,0,0,0,0,0,0,0,0,0,0,0,0,0,0,0,0,0,0,0,0,0,27,13,0,0,0,3,3,0,0,0,0,0,0,0,0,3,0,0,0,1,0,0,17,2019-11-09
237,Mat Ryan,BHA,G,11.66,1,1,90,0,0,0,21,11,3,3,0,8,4,4,0,0,0,1,0,0,0,0,0,0,0,0,0,0,0,0,0,0,0,0,0,35,33,0,0,0,0,0,0,0,2,0,1,0,0,0,3,2,0,0,0,0,0,5,2019-11-10
238,Rui Patricio,WOL,G,9.24,1,1,90,0,1,0,13,4,1,1,0,3,1,2,0,0,0,0,0,0,0,0,0,0,0,0,0,0,0,0,0,0,0,0,0,18,12,0,0,0,0,0,0,0,0,0,0,0,0,0,8,0,0,0,0,0,0,14,2019-11-10
239,Alisson,LIV,G,7.72,1,1,90,0,1,0,18,3,1,1,0,2,2,0,0,0,0,0,0,0,0,0,0,0,0,0,0,0,0,0,0,0,0,0,0,47,36,0,0,0,3,3,0,0,0,0,0,0,0,0,6,2,2,1,1,0,0,17,2019-11-10
240,David de Gea,MUN,G,6.34,1,1,90,0,1,0,6,2,1,1,0,1,1,0,0,0,0,1,0,0,0,0,0,0,0,0,0,0,0,0,0,0,0,0,0,21,17,0,0,0,1,1,0,0,1,0,0,0,0,0,3,0,0,0,0,0,0,7,2019-11-10
241,Orjan Nyland,AVL,G,2.32,1,0,82,0,0,0,16,5,2,1,1,3,2,1,0,0,0,0,0,0,0,0,0,0,0,0,0,1,0,0,0,0,0,0,0,25,16,0,0,0,0,0,0,0,0,0,0,0,0,0,4,0,0,0,0,0,0,13,2019-11-10
242,Jed Steer,AVL,G,0.02,1,1,8,0,0,0,1,0,0,0,0,0,0,0,0,0,0,0,0,0,0,0,0,0,0,0,0,0,1,0,0,0,0,0,0,2,1,0,0,0,0,0,0,0,0,0,0,0,0,0,0,0,0,0,0,0,0,1,2019-11-10
243,Claudio Bravo,MCI,G,-1.4,1,1,90,0,0,0,12,5,3,2,1,2,1,1,0,0,0,0,0,0,0,0,0,0,0,0,0,0,0,0,0,0,0,0,0,33,30,0,0,0,0,0,0,0,0,0,0,0,0,0,8,0,0,0,0,0,0,11,2019-11-10
244,Tim Krul,NOR,G,24.36,1,1,90,90,1,1,18,7,0,0,0,7,4,3,0,0,0,0,0,0,0,0,0,0,0,0,0,0,0,0,0,0,0,0,0,34,18,0,0,0,2,2,0,0,2,0,2,0,0,0,11,4,3,1,2,0,0,26,2019-11-23
245,Nick Pope,BUR,G,19.24,1,1,90,90,1,1,15,4,0,0,0,4,2,2,0,0,0,0,0,0,0,0,0,0,0,0,0,0,0,0,0,0,0,0,1,34,12,0,0,0,0,0,0,0,0,0,0,0,0,0,11,3,3,0,0,0,0,33,2019-11-23
246,Alisson,LIV,G,13.5,1,1,90,0,1,0,16,6,1,1,0,5,0,5,0,0,0,0,0,0,0,0,0,0,0,0,0,0,0,0,0,0,0,0,0,32,25,0,0,0,0,0,0,0,0,0,0,0,0,0,6,0,0,0,0,0,0,13,2019-11-23
247,Mat Ryan,BHA,G,10.46,1,1,90,0,0,0,19,9,2,2,0,7,5,2,0,0,0,0,0,0,0,0,1,0,1,0,0,0,0,0,0,1,0,0,0,26,23,0,0,0,1,1,0,0,0,0,0,0,0,0,5,1,1,0,0,0,0,8,2019-11-23
248,Kasper Schmeichel,LEI,G,10.28,1,1,90,90,1,1,7,0,0,0,0,0,0,0,0,0,0,0,0,0,0,0,0,0,0,0,0,0,0,0,0,0,0,0,0,27,14,0,0,0,0,0,0,0,0,0,0,0,0,0,4,0,0,0,0,0,0,17,2019-11-23
249,Rui Patricio,WOL,G,8.24,1,1,90,0,1,0,9,3,1,1,0,2,1,0,0,0,0,1,0,0,0,0,0,0,0,0,0,0,0,0,0,0,0,0,0,21,12,0,0,0,0,0,0,0,1,0,1,0,0,0,8,0,0,0,0,0,0,17,2019-11-23
250,Bernd Leno,ARS,G,7.46,1,1,90,0,0,0,21,6,2,2,0,4,1,2,0,0,0,0,0,0,0,0,0,1,1,0,0,0,0,0,0,0,0,0,0,29,23,0,0,0,1,1,0,0,0,0,0,0,0,0,1,0,0,0,1,0,0,7,2019-11-23
251,Paulo Gazzaniga,TOT,G,7.24,1,1,90,0,1,0,11,5,2,2,0,3,2,0,0,0,0,0,0,0,0,0,0,0,0,0,0,0,0,0,0,0,0,0,0,27,12,0,0,0,0,0,0,0,0,0,0,0,0,0,6,0,0,0,0,0,0,21,2019-11-23
252,Aaron Ramsdale,BOU,G,7.24,1,1,90,0,0,0,18,7,2,1,1,5,3,2,0,0,0,0,0,0,0,0,0,0,0,0,0,0,0,1,0,0,0,0,0,26,12,0,0,0,2,2,0,0,1,0,0,0,0,0,5,0,0,0,0,0,0,19,2019-11-23
253,Ederson,MCI,G,5.58,1,1,90,0,1,0,11,2,1,1,0,1,1,0,0,0,0,0,0,0,0,0,0,0,0,0,0,0,0,0,0,0,0,0,0,36,29,0,0,0,0,0,0,0,0,0,0,0,0,0,7,0,0,0,0,0,0,13,2019-11-23
254,Jordan Pickford,EVE,G,2.34,1,1,90,0,0,0,13,5,2,2,0,3,3,0,0,0,0,0,0,0,0,0,0,0,0,0,0,0,0,0,0,0,0,0,0,26,17,0,0,0,0,0,0,0,0,0,0,0,0,0,8,1,1,1,0,0,0,17,2019-11-23
255,Alex McCarthy,SOU,G,2.22,1,1,90,0,0,0,12,5,2,2,0,3,3,0,0,0,0,0,0,0,0,0,0,0,0,0,0,0,0,0,0,0,0,0,0,23,11,0,0,0,2,2,0,0,0,0,0,0,0,0,7,3,3,0,1,0,0,19,2019-11-23
256,Kepa Arrizabalaga,CHE,G,0.76,1,1,90,0,0,0,15,4,2,1,1,2,1,1,0,0,0,0,1,0,0,0,0,0,0,0,0,0,0,0,0,0,0,0,0,45,38,0,0,0,1,1,0,0,0,0,0,0,0,0,5,1,1,2,0,0,0,11,2019-11-23
257,Vicente Guaita,CRY,G,0.42,1,1,90,0,0,0,12,4,2,2,0,2,2,0,0,0,0,0,0,0,0,0,0,0,0,0,0,0,0,0,0,0,0,0,0,37,21,0,0,0,1,1,0,0,0,0,0,0,0,0,14,0,0,0,1,0,0,30,2019-11-23
258,Roberto Jimenez,WHU,G,0.2,1,1,90,0,0,0,15,6,3,3,0,3,1,2,0,0,0,0,0,0,0,0,0,0,0,0,0,0,0,0,0,0,0,0,0,21,10,0,0,0,1,1,0,0,1,0,1,0,0,0,9,0,0,0,1,0,0,20,2019-11-23
259,Ben Foster,WAT,G,-1.8,1,1,90,0,0,0,11,5,3,3,0,2,2,0,0,0,0,0,0,0,0,0,1,0,1,0,0,0,0,0,0,0,0,0,0,22,10,0,0,0,1,1,0,0,1,0,1,0,0,0,7,1,1,0,1,0,0,19,2019-11-23
260,David de Gea,MUN,G,4.34,1,1,90,0,0,0,12,8,3,2,1,5,2,3,0,0,0,0,0,0,0,0,0,0,0,0,0,0,0,0,0,0,0,0,0,22,17,0,0,0,0,0,0,0,0,0,0,0,0,0,4,1,1,0,0,0,0,9,2019-11-24
261,Simon Moore,SHU,G,-1.92,1,1,90,0,0,0,11,5,3,3,0,2,1,1,0,0,0,0,0,1,0,0,0,0,0,0,0,0,0,0,0,0,0,0,0,20,4,0,0,0,0,0,0,0,0,0,0,0,0,0,3,0,0,0,0,0,0,19,2019-11-24
262,Tom Heaton,AVL,G,20.26,1,1,90,90,1,1,11,5,0,0,0,5,3,2,0,0,0,0,0,0,0,0,0,0,0,0,0,0,0,0,0,0,0,0,0,19,13,0,0,0,0,0,0,0,0,0,0,0,0,0,7,1,1,0,0,0,0,13,2019-11-25
263,Martin Dubravka,NEW,G,8.44,1,1,90,0,0,0,17,8,2,2,0,6,5,1,0,0,0,0,0,0,0,0,0,0,0,0,0,0,0,0,0,0,0,0,0,29,22,0,0,0,2,2,0,0,0,0,0,0,0,0,11,0,0,0,1,0,0,18,2019-11-25
264,David Martin,WHU,G,22.22,1,1,90,90,1,1,19,6,0,0,0,6,4,2,0,0,0,0,0,0,0,0,0,0,0,0,0,0,0,0,0,0,0,0,0,26,11,0,0,0,0,0,0,0,1,1,1,1,0,0,11,1,1,1,0,0,0,26,2019-11-30
265,Vicente Guaita,CRY,G,16.28,1,1,90,90,1,1,15,3,0,0,0,3,2,1,0,0,0,0,0,0,0,0,0,0,0,0,0,0,0,0,0,0,0,0,0,32,14,0,0,0,1,1,0,0,0,0,0,0,0,0,7,1,1,0,0,0,0,25,2019-11-30
266,Paulo Gazzaniga,TOT,G,10.28,1,1,90,0,1,0,20,6,2,1,1,4,0,4,0,0,0,1,0,0,0,0,0,0,0,0,0,0,0,0,0,0,0,0,0,32,14,0,0,0,1,1,0,0,3,0,2,0,0,0,9,2,2,1,1,0,0,27,2019-11-30
267,Martin Dubravka,NEW,G,10.2,1,1,90,0,0,0,24,9,2,1,1,7,5,2,0,0,0,0,0,0,0,0,0,0,0,0,0,0,0,0,0,0,0,0,0,32,10,0,0,0,1,1,0,0,0,0,0,0,0,0,8,0,0,0,0,0,0,30,2019-11-30
268,Alex McCarthy,SOU,G,7.26,1,1,90,0,1,0,6,3,1,1,0,2,1,1,0,0,0,0,0,0,0,0,0,0,0,0,0,0,0,0,0,0,0,0,0,21,13,0,0,0,2,2,1,0,1,0,0,0,0,0,7,0,0,0,0,0,0,15,2019-11-30
269,Mat Ryan,BHA,G,6.62,1,1,90,0,0,0,15,7,2,2,0,5,5,0,0,0,0,0,0,0,0,0,0,0,0,0,0,0,0,0,0,0,0,0,0,31,31,0,0,0,0,0,0,0,0,0,0,0,0,0,5,0,0,0,0,0,0,5,2019-11-30
270,Alisson,LIV,G,6.06,1,1,76,0,1,0,7,2,0,0,0,2,1,1,0,1,1,0,0,0,0,0,0,0,0,0,0,0,0,0,0,0,0,0,0,34,28,0,0,0,1,1,0,0,0,0,0,0,0,0,4,0,0,1,0,0,0,10,2019-11-30
271,Kepa Arrizabalaga,CHE,G,4.34,1,1,90,0,0,0,5,4,1,1,0,3,3,0,0,0,0,0,0,0,0,0,0,0,0,0,0,0,0,0,0,0,0,0,0,21,17,0,0,0,0,0,0,0,1,0,1,0,0,0,0,1,1,0,0,0,0,3,2019-11-30
272,Ben Foster,WAT,G,3.2,1,1,90,0,0,0,11,5,2,1,1,3,2,1,0,0,0,1,0,0,0,0,0,0,0,0,0,0,0,0,0,0,0,0,0,28,10,0,0,0,1,1,0,0,1,0,0,0,0,0,4,2,2,0,0,0,0,21,2019-11-30
273,Adrian,LIV,G,2.0,1,0,12,0,0,0,5,3,1,0,1,2,1,1,0,0,0,0,0,1,0,0,0,0,0,0,0,1,0,0,0,0,0,0,0,9,0,0,0,0,0,0,0,0,0,0,0,0,0,0,0,1,0,1,0,0,0,9,2019-11-30
274,Ederson,MCI,G,-1.66,1,1,90,0,0,0,6,3,2,1,1,1,0,1,0,0,0,0,0,0,0,0,0,0,0,0,0,0,0,0,0,0,0,0,0,20,17,0,0,0,1,1,0,0,1,0,1,0,0,0,0,0,0,0,0,0,0,3,2019-11-30
275,Aaron Ramsdale,BOU,G,-1.72,1,1,90,0,0,0,14,5,3,3,0,2,2,0,0,0,0,0,0,0,0,0,0,0,0,0,0,0,0,0,0,0,0,0,0,23,14,0,0,0,1,1,0,0,0,0,0,0,0,0,2,1,1,0,0,0,0,10,2019-11-30
276,Nick Pope,BUR,G,-1.82,1,1,90,0,0,0,7,3,2,2,0,1,0,0,0,0,0,0,0,1,0,0,0,0,0,0,0,0,0,0,0,0,0,0,0,27,9,0,1,1,1,1,0,0,1,0,1,0,0,0,8,0,0,0,1,0,0,26,2019-11-30
277,Bernd Leno,ARS,G,8.36,1,1,90,0,0,0,15,8,2,1,1,6,5,1,0,0,0,0,0,0,0,0,0,0,0,0,0,0,0,0,0,0,0,0,0,26,18,0,0,0,2,2,0,0,0,0,0,0,0,0,4,0,0,1,1,0,0,12,2019-12-01
278,Kasper Schmeichel,LEI,G,7.44,1,1,90,0,1,0,11,3,1,1,0,2,2,0,0,0,0,0,0,0,0,0,0,0,0,0,0,0,0,0,0,0,0,0,0,26,22,0,0,0,0,0,0,0,0,0,0,0,0,0,5,0,0,0,0,0,0,8,2019-12-01
279,Tom Heaton,AVL,G,7.2,1,1,90,0,0,0,17,7,2,2,0,5,5,0,0,0,0,0,0,0,0,0,0,0,0,0,0,0,0,1,0,1,0,0,0,32,10,0,0,0,0,0,0,0,1,0,0,0,0,0,3,0,0,2,0,1,0,25,2019-12-01
280,Dean Henderson,SHU,G,5.22,1,1,90,0,0,0,13,4,1,1,0,3,1,1,0,0,0,1,0,0,0,0,0,0,0,0,0,0,0,0,0,0,0,0,0,30,11,0,0,0,2,2,0,0,2,0,1,0,0,0,9,2,2,1,0,0,0,28,2019-12-01
281,Rui Patricio,WOL,G,5.12,1,1,90,0,0,0,10,4,1,1,0,3,3,0,0,0,0,1,0,0,0,0,0,0,0,0,0,0,0,0,0,0,0,0,0,11,6,0,0,0,1,1,0,0,1,0,0,0,0,0,5,1,1,0,0,0,0,10,2019-12-01
282,Jordan Pickford,EVE,G,4.16,1,1,90,0,0,0,16,6,2,2,0,4,4,0,0,0,0,0,0,0,0,0,0,0,0,0,0,0,0,0,0,0,0,0,0,28,8,0,0,0,2,2,0,0,0,0,0,0,0,0,6,0,0,0,1,0,0,26,2019-12-01
283,Tim Krul,NOR,G,2.78,1,1,90,0,0,0,16,6,2,2,0,4,3,1,1,0,0,0,0,0,0,0,1,0,1,0,0,0,0,0,0,0,0,0,0,28,14,0,0,0,1,1,0,0,0,1,0,1,0,0,7,1,1,0,1,0,0,21,2019-12-01
284,David de Gea,MUN,G,-1.52,1,1,90,0,0,0,9,3,2,2,0,1,0,1,0,0,0,0,0,0,0,0,0,0,0,0,0,0,0,0,0,0,0,0,0,27,24,0,0,0,0,0,0,0,0,0,0,0,0,0,4,0,0,0,0,0,0,6,2019-12-01
285,Vicente Guaita,CRY,G,17.2,1,1,90,90,1,1,6,3,0,0,0,3,2,1,0,0,0,1,0,0,0,0,0,0,0,0,0,0,0,0,0,0,0,0,0,31,10,0,0,0,2,2,0,0,2,1,1,1,0,0,10,1,1,0,1,0,0,31,2019-12-03
286,Ederson,MCI,G,6.36,1,1,90,0,1,0,4,2,1,1,0,1,0,1,0,0,0,1,0,0,0,0,0,0,0,0,0,0,0,0,0,0,0,0,0,27,18,0,0,0,0,0,0,0,1,0,1,0,0,0,2,0,0,0,0,0,0,10,2019-12-03
287,Aaron Ramsdale,BOU,G,0.18,1,1,90,0,0,0,7,2,1,1,0,1,0,1,0,0,0,0,0,0,0,0,0,0,0,0,0,0,0,0,0,0,0,0,0,13,9,0,0,0,2,2,0,0,0,0,0,0,0,0,3,0,0,0,1,0,0,7,2019-12-03
288,Nick Pope,BUR,G,0.18,1,1,90,0,0,0,17,8,4,2,2,4,2,2,0,0,0,0,0,0,0,0,0,0,0,0,0,0,0,0,0,0,0,0,0,27,9,0,0,0,0,0,0,0,2,0,2,0,0,0,9,3,3,1,0,0,0,27,2019-12-03
289,Rui Patricio,WOL,G,16.22,1,1,90,90,1,1,6,3,0,0,0,3,3,0,0,0,0,0,0,0,0,0,0,0,0,0,0,0,0,0,0,0,0,0,0,17,11,0,0,0,1,1,0,0,1,0,1,0,0,0,10,0,0,0,1,0,0,15,2019-12-04
290,Kasper Schmeichel,LEI,G,12.4,1,1,90,90,1,1,4,1,0,0,0,1,0,1,0,0,0,0,0,0,0,0,0,0,0,0,0,0,0,0,0,0,0,0,0,26,20,0,0,0,0,0,0,0,0,0,0,0,0,0,5,0,0,0,0,0,0,11,2019-12-04
291,David de Gea,MUN,G,11.24,1,1,90,0,1,0,8,5,1,1,0,4,3,1,0,0,0,0,0,0,0,0,0,0,0,0,0,0,0,0,0,0,0,0,0,21,12,0,0,0,0,0,0,0,0,0,0,0,0,0,2,0,0,0,0,0,0,11,2019-12-04
292,Tom Heaton,AVL,G,10.32,1,1,90,0,0,0,25,9,2,2,0,7,5,2,0,0,0,0,0,0,0,0,0,0,0,0,0,0,0,0,0,0,0,0,0,23,16,0,0,0,0,0,0,0,2,0,2,0,0,0,11,1,1,0,0,0,0,17,2019-12-04
293,Kepa Arrizabalaga,CHE,G,7.32,1,1,90,0,1,0,9,3,1,1,0,2,2,0,0,0,0,0,0,0,0,0,0,0,0,0,0,0,0,0,0,0,0,0,0,21,16,0,0,0,0,0,0,0,0,0,0,0,0,0,0,3,3,0,0,0,0,5,2019-12-04
294,Alex McCarthy,SOU,G,7.2,1,1,90,0,1,0,10,3,1,1,0,2,1,1,0,0,0,0,0,0,0,0,0,0,0,0,0,0,0,0,0,0,0,0,0,21,10,0,0,0,0,0,0,0,0,0,0,0,0,0,8,0,0,0,0,0,0,18,2019-12-04
295,Paulo Gazzaniga,TOT,G,6.24,1,1,90,0,0,0,12,7,2,2,0,5,2,3,0,0,0,0,0,1,0,0,1,0,1,0,0,0,0,0,0,0,0,0,0,23,12,0,1,1,0,0,0,0,0,0,0,0,0,0,2,0,0,1,0,0,0,13,2019-12-04
296,David Martin,WHU,G,6.1,1,1,90,0,0,0,13,7,2,2,0,5,5,0,0,0,0,0,0,0,0,0,0,0,0,0,0,0,0,0,0,0,0,0,0,14,5,0,0,0,0,0,0,0,0,0,0,0,0,0,4,0,0,0,0,0,0,13,2019-12-04
297,Adrian,LIV,G,5.4,1,1,90,0,1,0,12,4,2,2,0,2,1,1,0,0,0,0,0,0,0,0,0,0,0,0,0,0,0,0,0,0,0,0,0,28,20,0,0,0,0,0,0,0,1,0,1,0,0,0,3,1,1,0,0,0,0,11,2019-12-04
298,Tim Krul,NOR,G,2.68,1,1,90,0,0,0,14,5,2,2,0,3,1,2,0,0,0,0,0,0,0,0,0,0,0,0,0,0,0,0,0,0,0,0,0,50,34,0,0,0,2,2,0,0,1,0,1,0,0,0,8,0,0,0,1,0,0,24,2019-12-04
299,Ben Foster,WAT,G,2.16,1,1,90,0,0,0,12,5,2,2,0,3,3,0,0,0,0,0,0,0,0,0,1,0,1,0,0,0,0,0,0,0,0,0,0,25,8,0,0,0,0,0,0,0,0,0,0,0,0,0,8,0,0,0,0,0,0,25,2019-12-04
300,Jordan Pickford,EVE,G,-9.84,1,1,90,0,0,0,11,5,5,4,1,0,0,0,0,0,0,0,0,1,0,0,0,0,0,0,0,0,0,0,0,0,0,0,0,21,8,0,0,0,1,1,0,0,0,2,0,0,0,0,4,0,0,0,0,0,0,17,2019-12-04
301,Martin Dubravka,NEW,G,22.2,1,1,90,90,1,1,13,6,0,0,0,6,5,1,0,0,0,0,0,0,0,0,0,0,0,0,0,0,0,0,0,0,0,0,0,25,10,0,0,0,3,3,0,0,1,0,1,0,0,0,9,1,1,0,2,0,0,24,2019-12-05
302,Mat Ryan,BHA,G,11.5,1,1,90,0,1,0,12,5,1,1,0,4,3,1,0,0,0,0,0,0,0,0,0,0,0,0,0,0,0,0,0,0,0,0,0,31,25,0,0,0,0,0,0,0,0,0,0,0,0,0,10,1,1,0,0,0,0,15,2019-12-05
303,Bernd Leno,ARS,G,10.36,1,1,90,0,0,0,20,9,2,2,0,7,5,2,0,0,0,0,0,0,0,0,0,0,0,0,0,0,0,0,0,0,0,0,0,26,18,0,0,0,0,0,0,0,0,1,0,1,0,0,0,0,0,0,0,0,0,8,2019-12-05
304,Dean Henderson,SHU,G,0.22,1,1,90,0,0,0,6,4,2,2,0,2,0,2,0,0,0,0,0,0,0,0,0,0,0,0,0,0,0,0,0,0,0,0,0,18,11,0,0,0,0,0,0,0,1,0,1,0,0,0,4,2,2,0,0,0,0,11,2019-12-05
305,Paulo Gazzaniga,TOT,G,13.36,1,1,90,90,1,1,7,1,0,0,0,1,1,0,0,0,0,1,0,0,0,0,0,0,0,0,0,0,0,0,0,0,0,0,0,40,18,0,0,0,2,2,0,0,2,0,2,0,0,0,7,0,0,0,1,0,0,29,2019-12-07
306,Vicente Guaita,CRY,G,12.2,1,1,90,90,0,1,13,3,0,0,0,3,3,0,0,0,0,0,0,0,0,0,0,0,0,0,0,0,0,1,0,0,0,0,0,26,10,0,0,0,0,0,0,0,1,0,0,0,0,0,4,0,0,0,0,0,0,20,2019-12-07
307,Alisson,LIV,G,10.46,1,1,90,90,1,1,3,0,0,0,0,0,0,0,0,0,0,0,0,0,0,0,0,0,0,0,0,0,0,0,0,0,0,0,0,25,23,0,0,0,0,0,0,0,0,0,0,0,0,0,4,0,0,0,0,0,0,6,2019-12-07
308,David de Gea,MUN,G,9.8,1,1,90,0,1,0,23,5,1,1,0,4,1,3,1,0,0,0,0,0,0,0,0,0,0,0,0,0,0,0,0,0,0,0,0,28,15,0,0,0,0,0,0,0,0,0,0,0,0,0,0,0,0,0,0,0,0,13,2019-12-07
309,Jordan Pickford,EVE,G,9.26,1,1,90,0,1,0,15,4,1,0,1,3,3,0,0,0,0,0,0,0,0,0,0,0,0,0,0,0,0,0,0,0,0,0,0,35,13,0,0,0,0,0,0,0,0,0,0,0,0,0,13,0,0,0,0,0,0,35,2019-12-07
310,Aaron Ramsdale,BOU,G,7.18,1,1,90,0,0,0,21,9,3,3,0,6,4,2,0,0,0,1,0,0,0,0,0,0,0,0,0,0,0,0,0,0,0,0,0,30,9,0,0,0,2,2,0,0,2,0,1,0,0,0,6,0,0,0,1,0,0,27,2019-12-07
311,Ederson,MCI,G,6.22,1,1,90,0,0,0,11,7,2,2,0,5,5,0,0,0,0,0,0,0,0,0,1,0,1,0,0,0,0,0,0,0,0,0,0,12,11,0,0,0,0,0,0,0,0,0,0,0,0,0,0,0,0,1,0,0,0,1,2019-12-07
312,Ben Foster,WAT,G,5.22,1,1,90,90,0,1,3,0,0,0,0,0,0,0,0,0,0,0,0,0,0,0,0,0,0,0,0,0,0,0,0,0,0,0,0,30,11,0,0,0,0,0,0,0,0,0,0,0,0,0,10,3,3,0,0,0,0,29,2019-12-07
313,Kepa Arrizabalaga,CHE,G,2.54,1,1,90,0,0,0,13,7,3,3,0,4,3,1,0,0,0,0,0,0,0,0,0,0,0,0,0,0,0,0,0,0,0,0,0,35,27,0,0,0,0,0,0,0,0,0,0,0,0,0,1,1,1,0,0,0,0,9,2019-12-07
314,Nick Pope,BUR,G,-5.72,1,1,90,0,0,0,13,7,5,4,1,2,1,1,0,0,0,0,0,0,0,0,0,0,0,0,0,0,0,0,0,0,0,0,0,28,14,0,0,0,2,2,0,0,2,0,2,0,0,0,12,1,1,0,0,0,0,25,2019-12-07
315,Dean Henderson,SHU,G,10.18,1,1,90,0,1,0,14,4,1,1,0,3,2,1,0,0,0,1,0,0,0,0,0,0,0,0,0,0,0,0,0,1,0,0,0,27,9,0,0,0,1,1,0,0,1,0,1,0,0,0,8,0,0,0,0,0,0,26,2019-12-08
316,Martin Dubravka,NEW,G,9.24,1,1,90,0,1,0,19,4,1,1,0,3,1,2,0,0,0,0,0,0,0,0,0,0,0,0,0,0,0,0,0,0,0,0,0,28,12,0,0,0,0,0,0,0,0,0,0,0,0,0,9,0,0,0,0,0,0,25,2019-12-08
317,Kasper Schmeichel,LEI,G,6.44,1,1,90,0,1,0,15,2,1,1,0,1,1,0,0,0,0,1,0,0,0,0,0,0,0,0,0,0,0,0,0,0,0,0,0,26,22,0,0,0,2,2,0,0,2,0,2,0,0,0,11,0,0,0,2,0,0,15,2019-12-08
318,Mat Ryan,BHA,G,4.56,1,1,90,0,0,0,13,6,2,2,0,4,4,0,0,0,0,0,0,0,0,0,0,0,0,0,0,0,0,0,0,0,0,0,0,34,28,0,0,0,1,1,0,0,0,0,0,0,0,0,7,0,0,0,0,0,0,13,2019-12-08
319,Alex McCarthy,SOU,G,4.3,1,1,90,0,0,0,12,6,2,2,0,4,2,2,0,0,0,0,0,0,0,0,0,0,0,0,0,0,0,0,0,0,0,0,0,19,15,0,0,0,1,1,0,0,2,0,2,0,0,0,9,1,0,0,0,0,0,13,2019-12-08
320,Rui Patricio,WOL,G,2.22,1,1,90,0,0,0,13,5,2,2,0,3,1,2,0,0,0,0,0,1,0,0,0,0,0,0,0,0,0,0,0,0,0,0,0,22,11,0,0,0,0,0,0,0,0,0,0,0,0,0,8,0,0,0,0,0,0,19,2019-12-08
321,Tom Heaton,AVL,G,1.22,1,1,90,0,0,0,23,8,4,4,0,4,4,0,0,0,0,0,0,0,0,0,0,0,0,0,0,0,0,1,0,0,0,0,0,31,11,0,0,0,1,1,0,0,1,1,0,0,0,0,6,0,0,0,0,0,0,25,2019-12-08
322,Tim Krul,NOR,G,-1.38,1,1,90,0,0,0,9,3,2,2,0,1,1,0,0,0,0,0,0,0,0,0,0,0,0,0,0,0,0,0,0,0,0,0,0,51,31,0,0,0,0,0,0,0,0,0,0,0,0,0,5,3,3,0,0,0,0,25,2019-12-08
323,Bernd Leno,ARS,G,9.64,1,1,90,0,1,0,11,4,1,1,0,3,1,2,0,0,0,0,0,0,0,0,0,0,0,0,0,0,0,0,0,0,0,0,0,39,32,0,0,0,0,0,0,0,0,0,0,0,0,0,1,1,1,0,0,0,0,8,2019-12-09
324,David Martin,WHU,G,-5.92,1,1,90,0,0,0,10,3,3,3,0,0,0,0,0,0,0,0,0,0,0,0,0,0,0,0,0,0,0,0,0,0,0,0,0,12,4,0,0,0,0,0,0,0,0,0,0,0,0,0,4,0,0,0,0,0,0,12,2019-12-09
325,Aaron Ramsdale,BOU,G,20.22,1,1,90,90,1,1,18,5,0,0,0,5,4,1,0,0,0,0,0,0,0,0,0,0,0,0,0,0,0,0,0,0,0,0,0,28,11,0,0,0,2,2,0,0,0,1,0,1,0,0,3,0,0,0,0,0,0,20,2019-12-14
326,Alisson,LIV,G,14.42,1,1,90,90,1,1,8,2,0,0,0,2,2,0,0,0,0,0,0,0,0,0,0,0,0,0,0,0,0,0,0,0,0,0,0,23,21,0,0,0,1,1,0,0,0,0,0,0,0,0,2,0,0,0,0,0,0,4,2019-12-14
327,David Martin,WHU,G,12.82,1,1,90,90,1,1,11,2,0,0,0,2,1,1,1,0,0,0,0,0,0,0,0,0,0,0,0,0,0,0,0,0,0,0,0,31,16,0,0,0,1,1,0,0,0,0,0,0,0,0,15,0,0,0,1,0,0,30,2019-12-14
328,Dean Henderson,SHU,G,10.3,1,1,90,90,1,1,8,0,0,0,0,0,0,0,0,0,0,0,0,0,0,0,0,0,1,0,0,0,0,0,0,0,0,0,0,31,15,0,0,0,0,0,0,0,0,0,0,0,0,0,13,0,0,0,0,0,0,29,2019-12-14
329,Nick Pope,BUR,G,10.16,1,1,90,90,1,1,9,0,0,0,0,0,0,0,0,0,0,0,0,0,0,0,0,0,0,0,0,0,0,0,0,0,0,0,0,21,8,0,0,0,0,0,0,0,0,0,0,0,0,0,6,5,4,0,0,0,0,19,2019-12-14
330,Tim Krul,NOR,G,6.88,1,1,90,0,0,0,19,6,1,1,0,5,3,2,1,0,0,0,0,0,0,0,0,0,0,0,0,0,0,0,0,0,0,0,0,30,19,0,0,0,1,1,0,0,0,1,0,0,0,0,11,0,0,0,1,1,0,22,2019-12-14
331,Martin Dubravka,NEW,G,4.3,1,1,90,0,0,0,7,4,1,1,0,3,2,1,0,0,0,0,0,0,0,0,0,0,0,0,0,0,0,0,0,0,0,0,0,27,15,0,0,0,1,1,0,0,0,0,0,0,0,0,8,0,0,1,0,0,0,19,2019-12-14
332,Alex McCarthy,SOU,G,4.3,1,1,90,0,0,0,11,4,1,1,0,3,3,0,0,0,0,0,0,0,0,0,0,0,0,0,0,0,0,0,0,0,0,0,0,28,15,0,0,0,1,1,0,0,0,0,0,0,0,0,9,2,2,0,1,0,0,21,2019-12-14
333,Ben Foster,WAT,G,4.16,1,1,90,0,0,0,16,6,2,2,0,4,4,0,0,0,0,0,0,0,0,0,0,0,0,0,0,0,0,0,0,0,0,0,0,34,8,0,0,0,0,0,0,0,0,0,0,0,0,0,8,1,1,1,0,0,0,34,2019-12-14
334,Kasper Schmeichel,LEI,G,2.4,1,1,90,0,0,0,10,3,1,1,0,2,1,1,0,0,0,0,0,0,0,0,0,0,0,0,0,0,0,0,0,0,0,0,0,27,20,0,0,0,0,0,0,0,0,0,0,0,0,0,5,0,0,0,0,0,0,11,2019-12-14
335,Kepa Arrizabalaga,CHE,G,1.46,1,1,90,0,0,0,11,2,1,1,0,1,1,0,0,0,0,1,0,0,0,0,0,0,0,0,0,0,0,0,0,0,0,0,0,32,23,0,0,0,0,0,0,0,2,0,1,0,0,0,2,1,1,0,0,0,0,11,2019-12-14
336,Tom Heaton,AVL,G,-1.72,1,1,90,0,0,0,7,3,2,2,0,1,1,0,0,0,0,0,0,0,0,0,0,0,0,0,0,0,0,0,0,0,0,0,0,33,14,0,0,0,2,2,0,0,1,0,1,0,0,0,7,1,1,0,1,0,0,25,2019-12-14
337,Ederson,MCI,G,12.36,1,1,90,90,1,1,6,1,0,0,0,1,1,0,0,0,0,0,0,0,0,0,0,0,0,0,0,0,0,0,0,0,0,0,0,23,18,0,0,0,1,1,0,0,0,0,0,0,0,0,2,1,1,0,0,0,0,6,2019-12-15
338,Jordan Pickford,EVE,G,12.2,1,1,90,0,0,0,24,8,1,0,1,7,2,5,0,0,0,0,0,0,0,0,0,0,0,0,0,0,0,0,0,0,0,0,0,36,10,0,0,0,1,1,0,0,0,0,0,0,0,0,9,0,0,0,1,0,0,35,2019-12-15
339,Paulo Gazzaniga,TOT,G,11.2,1,1,90,0,1,0,19,5,1,0,1,4,3,1,0,0,0,0,0,0,0,0,0,0,0,0,0,0,0,0,0,0,0,0,0,24,10,0,0,0,0,0,0,0,0,0,0,0,0,0,7,1,1,0,0,0,0,21,2019-12-15
340,David de Gea,MUN,G,4.38,1,1,90,0,0,0,9,4,1,1,0,3,1,2,0,0,0,0,0,1,0,0,0,0,0,0,0,0,0,0,0,0,0,0,0,20,19,0,0,0,2,2,0,0,1,0,1,0,0,0,1,0,0,0,1,0,0,2,2019-12-15
341,Bernd Leno,ARS,G,2.3,1,1,90,0,0,0,14,7,3,2,1,4,2,2,0,0,0,0,0,0,0,0,0,0,0,0,0,0,0,0,0,0,0,0,0,21,15,0,0,0,1,1,0,0,1,0,1,0,0,0,3,0,0,0,1,0,0,8,2019-12-15
342,Rui Patricio,WOL,G,2.18,1,1,90,0,0,0,9,5,2,2,0,3,3,0,0,0,0,0,0,0,0,0,0,0,0,0,0,0,0,0,0,0,0,0,0,22,9,0,0,0,0,0,0,0,0,0,0,0,0,0,7,0,0,0,0,0,0,20,2019-12-15
343,Vicente Guaita,CRY,G,16.18,1,1,90,0,0,0,15,10,1,1,0,9,5,4,0,0,0,0,1,0,0,0,0,0,0,0,0,0,0,0,0,0,0,0,0,20,9,0,0,0,3,3,0,0,2,0,2,0,0,0,7,2,2,0,1,0,0,18,2019-12-16
344,Mat Ryan,BHA,G,4.38,1,1,90,0,0,0,11,4,1,1,0,3,3,0,0,0,0,0,0,0,0,0,0,0,0,0,0,0,0,0,0,0,0,0,0,22,19,0,0,0,0,0,0,0,0,0,0,0,0,0,7,1,1,0,0,0,0,10,2019-12-16
